-- phpMyAdmin SQL Dump
-- version 5.0.2
-- https://www.phpmyadmin.net/
--
-- Servidor: 127.0.0.1
-- Tiempo de generación: 21-06-2021 a las 17:34:20
-- Versión del servidor: 10.4.14-MariaDB
-- Versión de PHP: 7.2.33

SET SQL_MODE = "NO_AUTO_VALUE_ON_ZERO";
START TRANSACTION;
SET time_zone = "+00:00";


/*!40101 SET @OLD_CHARACTER_SET_CLIENT=@@CHARACTER_SET_CLIENT */;
/*!40101 SET @OLD_CHARACTER_SET_RESULTS=@@CHARACTER_SET_RESULTS */;
/*!40101 SET @OLD_COLLATION_CONNECTION=@@COLLATION_CONNECTION */;
/*!40101 SET NAMES utf8mb4 */;

--
-- Base de datos: `infored_test`
--

-- --------------------------------------------------------

--
-- Estructura de tabla para la tabla `tbl_ciudad`
--

CREATE TABLE `tbl_ciudad` (
  `id_ciudad` int(10) UNSIGNED NOT NULL,
  `nombre_ciudad` tinytext DEFAULT NULL,
  `id_region` tinyint(2) UNSIGNED NOT NULL DEFAULT 0,
  `st_ciudad` enum('activo','inactivo') NOT NULL DEFAULT 'activo'
) ENGINE=InnoDB DEFAULT CHARSET=utf8 ROW_FORMAT=COMPACT;

--
-- Volcado de datos para la tabla `tbl_ciudad`
--

INSERT INTO `tbl_ciudad` (`id_ciudad`, `nombre_ciudad`, `id_region`, `st_ciudad`) VALUES
(1, 'ARICA', 15, 'activo'),
(2, 'IQUIQUE', 1, 'activo'),
(3, 'HUARA', 1, 'activo'),
(4, 'PICA', 1, 'activo'),
(5, 'POZO ALMONTE', 1, 'activo'),
(6, 'TOCOPILLA', 2, 'activo'),
(7, 'ANTOFAGASTA', 2, 'activo'),
(8, 'MEJILLONES', 2, 'activo'),
(9, 'TALTAL', 2, 'activo'),
(10, 'CALAMA', 2, 'activo'),
(11, 'CHAÑARAL', 3, 'activo'),
(12, 'DIEGO DE ALMAGRO', 3, 'activo'),
(13, 'COPIAPO', 3, 'activo'),
(14, 'CALDERA', 3, 'activo'),
(15, 'TIERRA AMARILLA', 3, 'activo'),
(16, 'VALLENAR', 3, 'activo'),
(17, 'FREIRINA', 3, 'activo'),
(18, 'HUASCO', 3, 'activo'),
(19, 'LA SERENA', 4, 'activo'),
(20, 'LA HIGUERA', 4, 'activo'),
(21, 'COQUIMBO', 4, 'activo'),
(22, 'ANDACOLLO', 4, 'activo'),
(23, 'VICUÑA', 4, 'activo'),
(24, 'PAIHUANO', 4, 'activo'),
(25, 'OVALLE', 4, 'activo'),
(26, 'MONTE PATRIA', 4, 'activo'),
(27, 'PUNITAQUI', 4, 'activo'),
(28, 'RIO HURTADO', 4, 'activo'),
(29, 'COMBARBALA', 4, 'activo'),
(30, 'ILLAPEL', 4, 'activo'),
(31, 'CANELA', 4, 'activo'),
(32, 'SALAMANCA', 4, 'activo'),
(33, 'LOS VILOS', 4, 'activo'),
(34, 'VALPARAISO', 5, 'activo'),
(35, 'QUINTERO', 5, 'activo'),
(36, 'PUCHUNCAVI', 5, 'activo'),
(37, 'VIÑA DEL MAR', 5, 'activo'),
(38, 'QUILPUE', 5, 'activo'),
(39, 'VILLA ALEMANA', 5, 'activo'),
(40, 'CASABLANCA', 5, 'activo'),
(41, 'ISLA DE PASCUA', 5, 'activo'),
(42, 'SAN ANTONIO', 5, 'activo'),
(43, 'SANTO DOMINGO', 5, 'activo'),
(44, 'ALGARROBO', 5, 'activo'),
(45, 'EL QUISCO', 5, 'activo'),
(46, 'CARTAGENA', 5, 'activo'),
(47, 'EL TABO', 5, 'activo'),
(48, 'QUILLOTA', 5, 'activo'),
(49, 'LA CRUZ', 5, 'activo'),
(50, 'CALERA', 5, 'activo'),
(51, 'HIJUELAS', 5, 'activo'),
(52, 'NOGALES', 5, 'activo'),
(53, 'LIMACHE', 5, 'activo'),
(54, 'OLMUE', 5, 'activo'),
(55, 'PETORCA', 5, 'activo'),
(56, 'CABILDO', 5, 'activo'),
(57, 'PAPUDO', 5, 'activo'),
(58, 'ZAPALLAR', 5, 'activo'),
(59, 'LA LIGUA', 5, 'activo'),
(60, 'SAN FELIPE', 5, 'activo'),
(61, 'PUTAENDO', 5, 'activo'),
(62, 'PANQUEHUE', 5, 'activo'),
(63, 'CATEMU', 5, 'activo'),
(64, 'SANTA MARIA', 5, 'activo'),
(65, 'LLAY LLAY', 5, 'activo'),
(66, 'LOS ANDES', 5, 'activo'),
(67, 'CALLE LARGA', 5, 'activo'),
(68, 'RINCONADA', 5, 'activo'),
(69, 'SAN ESTEBAN', 5, 'activo'),
(70, 'SANTIAGO', 13, 'activo'),
(71, 'LAS CONDES', 13, 'activo'),
(72, 'PROVIDENCIA', 13, 'activo'),
(75, 'CONCHALI', 13, 'activo'),
(76, 'COLINA', 13, 'activo'),
(77, 'RENCA', 13, 'activo'),
(78, 'LAMPA', 13, 'activo'),
(79, 'QUILICURA', 13, 'activo'),
(80, 'TILTIL', 13, 'activo'),
(81, 'QUINTA NORMAL', 13, 'activo'),
(82, 'PUDAHUEL', 13, 'activo'),
(83, 'CURACAVI', 13, 'activo'),
(85, 'PEÑAFLOR', 13, 'activo'),
(86, 'TALAGANTE', 13, 'activo'),
(87, 'ISLA DE MAIPO', 13, 'activo'),
(88, 'MELIPILLA', 13, 'activo'),
(89, 'EL MONTE', 13, 'activo'),
(90, 'MARIA PINTO', 13, 'activo'),
(91, 'ÑUÑOA', 13, 'activo'),
(92, 'LA REINA', 13, 'activo'),
(93, 'LA FLORIDA', 13, 'activo'),
(94, 'MAIPU', 13, 'activo'),
(95, 'SAN MIGUEL', 13, 'activo'),
(96, 'LA CISTERNA', 13, 'activo'),
(97, 'LA GRANJA', 13, 'activo'),
(98, 'SAN BERNARDO', 13, 'activo'),
(99, 'CALERA DE TANGO', 13, 'activo'),
(100, 'PUENTE ALTO', 13, 'activo'),
(101, 'PIRQUE', 13, 'activo'),
(102, 'SAN JOSE DE MAIPO', 13, 'activo'),
(103, 'BUIN', 13, 'activo'),
(104, 'PAINE', 13, 'activo'),
(105, 'RANCAGUA', 6, 'activo'),
(106, 'MACHALI', 6, 'activo'),
(107, 'GRANEROS', 6, 'activo'),
(108, 'SAN PEDRO', 13, 'activo'),
(109, 'ALHUE', 13, 'activo'),
(110, 'CODEGUA', 6, 'activo'),
(111, 'MOSTAZAL', 6, 'activo'),
(112, 'DOÑIHUE', 6, 'activo'),
(113, 'COLTAUCO', 6, 'activo'),
(114, 'COINCO', 6, 'activo'),
(115, 'PEUMO', 6, 'activo'),
(116, 'LAS CABRAS', 6, 'activo'),
(117, 'SAN VICENTE', 6, 'activo'),
(118, 'PICHIDEGUA', 6, 'activo'),
(119, 'REQUINOA', 6, 'activo'),
(120, 'OLIVAR', 6, 'activo'),
(121, 'RENGO', 6, 'activo'),
(122, 'MALLOA', 6, 'activo'),
(123, 'QUINTA DE TILCOCO', 6, 'activo'),
(124, 'SAN FERNANDO', 6, 'activo'),
(125, 'CHIMBARONGO', 6, 'activo'),
(126, 'NANCAGUA', 6, 'activo'),
(127, 'PLACILLA', 6, 'activo'),
(128, 'SANTA CRUZ', 6, 'activo'),
(129, 'LOLOL', 6, 'activo'),
(130, 'PALMILLA', 6, 'activo'),
(131, 'PERALILLO', 6, 'activo'),
(132, 'CHEPICA', 6, 'activo'),
(133, 'PAREDONES', 6, 'activo'),
(134, 'MARCHIGUE', 6, 'activo'),
(135, 'PUMANQUE', 6, 'activo'),
(136, 'LITUECHE', 6, 'activo'),
(137, 'PICHILEMU', 6, 'activo'),
(138, 'NAVIDAD', 6, 'activo'),
(139, 'LA ESTRELLA', 6, 'activo'),
(140, 'CURICO', 7, 'activo'),
(141, 'ROMERAL', 7, 'activo'),
(142, 'TENO', 7, 'activo'),
(143, 'RAUCO', 7, 'activo'),
(144, 'HUALAÑE', 7, 'activo'),
(145, 'LICANTEN', 7, 'activo'),
(146, 'VICHUQUEN', 7, 'activo'),
(147, 'MOLINA', 7, 'activo'),
(148, 'SAGRADA FAMILIA', 7, 'activo'),
(149, 'RIO CLARO', 7, 'activo'),
(150, 'TALCA', 7, 'activo'),
(151, 'SAN CLEMENTE', 7, 'activo'),
(152, 'PELARCO', 7, 'activo'),
(153, 'PENCAHUE', 7, 'activo'),
(154, 'MAULE', 7, 'activo'),
(155, 'CUREPTO', 7, 'activo'),
(156, 'SAN JAVIER', 7, 'activo'),
(157, 'CONSTITUCION', 7, 'activo'),
(158, 'EMPEDRADO', 7, 'activo'),
(159, 'LINARES', 7, 'activo'),
(160, 'YERBAS BUENAS', 7, 'activo'),
(161, 'COLBUN', 7, 'activo'),
(162, 'LONGAVI', 7, 'activo'),
(163, 'VILLA ALEGRE', 7, 'activo'),
(164, 'PARRAL', 7, 'activo'),
(165, 'RETIRO', 7, 'activo'),
(166, 'CAUQUENES', 7, 'activo'),
(167, 'CHANCO', 7, 'activo'),
(168, 'CHILLAN', 8, 'activo'),
(169, 'PINTO', 8, 'activo'),
(170, 'COIHUECO', 8, 'activo'),
(171, 'PORTEZUELO', 8, 'activo'),
(172, 'QUIRIHUE', 8, 'activo'),
(173, 'TREGUACO', 8, 'activo'),
(174, 'NINHUE', 8, 'activo'),
(175, 'COBQUECURA', 8, 'activo'),
(176, 'SAN CARLOS', 8, 'activo'),
(177, 'SAN GREGORIO DE ÑIQUEN', 8, 'activo'),
(178, 'SAN FABIAN', 8, 'activo'),
(179, 'SAN NICOLAS', 8, 'activo'),
(180, 'BULNES', 8, 'activo'),
(181, 'SAN IGNACIO', 8, 'activo'),
(182, 'QUILLON', 8, 'activo'),
(183, 'YUNGAY', 8, 'activo'),
(184, 'PEMUCO', 8, 'activo'),
(185, 'EL CARMEN', 8, 'activo'),
(186, 'COELEMU', 8, 'activo'),
(187, 'RANQUIL', 8, 'activo'),
(188, 'CONCEPCION', 8, 'activo'),
(189, 'TALCAHUANO', 8, 'activo'),
(190, 'TOME', 8, 'activo'),
(191, 'PENCO', 8, 'activo'),
(192, 'HUALQUI', 8, 'activo'),
(193, 'FLORIDA', 8, 'activo'),
(194, 'CORONEL', 8, 'activo'),
(195, 'LOTA', 8, 'activo'),
(196, 'SANTA JUANA', 8, 'activo'),
(197, 'CURANILAHUE', 8, 'activo'),
(198, 'ARAUCO', 8, 'activo'),
(199, 'LEBU', 8, 'activo'),
(200, 'LOS ALAMOS', 8, 'activo'),
(201, 'CAÑETE', 8, 'activo'),
(202, 'CONTULMO', 8, 'activo'),
(203, 'TIRUA', 8, 'activo'),
(204, 'LOS ANGELES', 8, 'activo'),
(205, 'SANTA BARBARA', 8, 'activo'),
(206, 'QUILLECO', 8, 'activo'),
(207, 'YUMBEL', 8, 'activo'),
(208, 'CABRERO', 8, 'activo'),
(209, 'TUCAPEL', 8, 'activo'),
(210, 'LAJA', 8, 'activo'),
(211, 'SAN ROSENDO', 8, 'activo'),
(212, 'NACIMIENTO', 8, 'activo'),
(213, 'NEGRETE', 8, 'activo'),
(214, 'MULCHEN', 8, 'activo'),
(215, 'QUILACO', 8, 'activo'),
(216, 'ANGOL', 9, 'activo'),
(217, 'PUREN', 9, 'activo'),
(218, 'LOS SAUCES', 9, 'activo'),
(219, 'RENAICO', 9, 'activo'),
(220, 'COLLIPULLI', 9, 'activo'),
(221, 'ERCILLA', 9, 'activo'),
(222, 'TRAIGUEN', 9, 'activo'),
(223, 'LUMACO', 9, 'activo'),
(224, 'VICTORIA', 9, 'activo'),
(225, 'CURACAUTIN', 9, 'activo'),
(226, 'LONQUIMAY', 9, 'activo'),
(227, 'TEMUCO', 9, 'activo'),
(228, 'VILCUN', 9, 'activo'),
(229, 'FREIRE', 9, 'activo'),
(230, 'CUNCO', 9, 'activo'),
(231, 'LAUTARO', 9, 'activo'),
(232, 'GALVARINO', 9, 'activo'),
(233, 'PERQUENCO', 9, 'activo'),
(234, 'NUEVA IMPERIAL', 9, 'activo'),
(235, 'CARAHUE', 9, 'activo'),
(236, 'PUERTO SAAVEDRA', 9, 'activo'),
(237, 'PITRUFQUEN', 9, 'activo'),
(238, 'GORBEA', 9, 'activo'),
(239, 'TOLTEN', 9, 'activo'),
(240, 'LONCOCHE', 9, 'activo'),
(241, 'VILLARRICA', 9, 'activo'),
(242, 'PUCON', 9, 'activo'),
(243, 'VALDIVIA', 14, 'activo'),
(244, 'CORRAL', 14, 'activo'),
(245, 'MARIQUINA', 14, 'activo'),
(246, 'MAFIL', 14, 'activo'),
(247, 'LOS LAGOS', 14, 'activo'),
(248, 'FUTRONO', 14, 'activo'),
(249, 'LANCO', 14, 'activo'),
(250, 'PANGUIPULLI', 14, 'activo'),
(251, 'LA UNION', 14, 'activo'),
(252, 'PAILLACO', 14, 'activo'),
(253, 'RIO BUENO', 14, 'activo'),
(254, 'LAGO RANCO', 14, 'activo'),
(255, 'OSORNO', 10, 'activo'),
(256, 'PUYEHUE', 10, 'activo'),
(257, 'SAN PABLO', 10, 'activo'),
(258, 'PUERTO OCTAY', 10, 'activo'),
(259, 'RIO NEGRO', 10, 'activo'),
(260, 'PURRANQUE', 10, 'activo'),
(261, 'PUERTO MONTT', 10, 'activo'),
(262, 'COCHAMO', 10, 'activo'),
(263, 'MAULLIN', 10, 'activo'),
(264, 'LOS MUERMOS', 10, 'activo'),
(265, 'CALBUCO', 10, 'activo'),
(266, 'PUERTO VARAS', 10, 'activo'),
(267, 'LLANQUIHUE', 10, 'activo'),
(268, 'FRESIA', 10, 'activo'),
(269, 'FRUTILLAR', 10, 'activo'),
(270, 'CASTRO', 10, 'activo'),
(271, 'CHONCHI', 10, 'activo'),
(272, 'QUEILEN', 10, 'activo'),
(273, 'QUELLON', 10, 'activo'),
(274, 'PUQUELDON', 10, 'activo'),
(275, 'QUINCHAO', 10, 'activo'),
(276, 'CURACO DE VELEZ', 10, 'activo'),
(277, 'ANCUD', 10, 'activo'),
(278, 'QUEMCHI', 10, 'activo'),
(279, 'DALCAHUE', 10, 'activo'),
(280, 'CHAITEN', 10, 'activo'),
(281, 'FUTALEUFU', 10, 'activo'),
(282, 'PALENA', 10, 'activo'),
(284, 'COYHAIQUE', 11, 'activo'),
(285, 'AYSEN', 11, 'activo'),
(286, 'CISNES', 11, 'activo'),
(287, 'CHILE CHICO', 11, 'activo'),
(288, 'RIO IBAÑEZ', 11, 'activo'),
(289, 'COCHRANE', 11, 'activo'),
(290, 'PUNTA ARENAS', 12, 'activo'),
(291, 'PUERTO NATALES', 12, 'activo'),
(292, 'PORVENIR', 12, 'activo'),
(293, 'GENERAL LAGOS', 15, 'activo'),
(294, 'PUTRE', 15, 'activo'),
(295, 'CAMARONES', 15, 'activo'),
(296, 'CAMINA', 1, 'activo'),
(297, 'COLCHANE', 1, 'activo'),
(298, 'MARIA ELENA', 2, 'activo'),
(299, 'SIERRA GORDA', 2, 'activo'),
(300, 'OLLAGÜE', 2, 'activo'),
(301, 'SAN PEDRO DE ATACAMA', 2, 'activo'),
(302, 'ALTO DEL CARMEN', 3, 'activo'),
(303, 'ANTUCO', 8, 'activo'),
(304, 'MELIPEUCO', 9, 'activo'),
(305, 'CURARREHUE', 9, 'activo'),
(306, 'TEODORO SCHMIDT', 9, 'activo'),
(307, 'SAN JUAN DE LA COSTA', 10, 'activo'),
(308, 'HUALAIHUE', 10, 'activo'),
(309, 'GUAITECAS', 11, 'activo'),
(310, 'O\'HIGGINS', 11, 'activo'),
(311, 'TORTEL', 11, 'activo'),
(312, 'LAGO VERDE', 11, 'activo'),
(313, 'TORRES DEL PAINE', 12, 'activo'),
(314, 'RIO VERDE', 12, 'activo'),
(315, 'SAN GREGORIO', 12, 'activo'),
(316, 'LAGUNA BLANCA', 12, 'activo'),
(317, 'PRIMAVERA', 12, 'activo'),
(318, 'TIMAUKEL', 12, 'activo'),
(319, 'NAVARINO', 12, 'inactivo'),
(320, 'PELLUHUE', 7, 'activo'),
(321, 'JUAN FERNANDEZ', 5, 'activo'),
(322, 'PEÑALOLEN', 13, 'activo'),
(323, 'MACUL', 13, 'activo'),
(324, 'CERRO NAVIA', 13, 'activo'),
(325, 'LO PRADO', 13, 'activo'),
(326, 'SAN RAMON', 13, 'activo'),
(327, 'LA PINTANA', 13, 'activo'),
(328, 'ESTACION CENTRAL', 13, 'activo'),
(329, 'RECOLETA', 13, 'activo'),
(330, 'INDEPENDENCIA', 13, 'activo'),
(331, 'VITACURA', 13, 'activo'),
(332, 'LO BARNECHEA', 13, 'activo'),
(333, 'CERRILLOS', 13, 'activo'),
(334, 'HUECHURABA', 13, 'activo'),
(335, 'SAN JOAQUIN', 13, 'activo'),
(336, 'PEDRO AGUIRRE CERDA', 13, 'activo'),
(337, 'LO ESPEJO', 13, 'activo'),
(338, 'EL BOSQUE', 13, 'activo'),
(339, 'PADRE HURTADO', 13, 'activo'),
(340, 'CONCON', 5, 'activo'),
(341, 'SAN RAFAEL', 7, 'activo'),
(342, 'CHILLAN VIEJO', 8, 'activo'),
(343, 'SAN PEDRO DE LA PAZ', 8, 'activo'),
(344, 'CHIGUAYANTE', 8, 'activo'),
(345, 'PADRE LAS CASAS', 9, 'activo'),
(346, 'ALTO HOSPICIO', 1, 'activo'),
(350, 'HUALPEN', 8, 'activo'),
(351, 'ALTO BIO BIO', 8, 'activo'),
(352, 'CABO DE HORNOS', 12, 'activo'),
(353, 'CHOLCHOL', 9, 'activo'),
(354, 'ÑIQUEN', 8, 'activo'),
(355, 'ANTARTICA', 12, 'activo'),
(356, 'ALTO BIOBIO', 8, 'activo'),
(357, 'NATALES', 12, 'activo'),
(358, 'PUERTO AYSEN', 11, 'activo'),
(359, 'QUEPE', 9, 'activo'),
(360, 'PUERTO AGUIRRE', 11, 'activo'),
(361, 'HUEPIL', 8, 'activo'),
(362, 'MARCHIHUE', 6, 'activo'),
(363, 'O HIGGINS', 11, 'activo'),
(364, 'PUERTO WILLIAMS', 12, 'activo');

-- --------------------------------------------------------

--
-- Estructura de tabla para la tabla `tbl_publico_aviso`
--

CREATE TABLE `tbl_publico_aviso` (
  `id_publico_aviso` int(10) NOT NULL,
  `id_usuario` int(10) NOT NULL,
  `id_publico_cate_sub` int(11) NOT NULL,
  `id_ciudad` int(11) NOT NULL,
  `fecha_crea` datetime NOT NULL,
  `titulo_aviso` varchar(300) NOT NULL,
  `descripcion_aviso` text NOT NULL,
  `tags_aviso` varchar(300) NOT NULL,
  `direccion_aviso` varchar(200) NOT NULL,
  `descripcion_corta` varchar(300) NOT NULL,
  `precio_aviso` int(10) NOT NULL,
  `precio_aviso_2` int(10) NOT NULL,
  `google_maps` text NOT NULL,
  `latitud` varchar(50) NOT NULL,
  `longitud` varchar(50) NOT NULL,
  `sitio_web_aviso` varchar(150) NOT NULL,
  `video_aviso` varchar(200) NOT NULL,
  `fono_aviso` varchar(100) NOT NULL,
  `celu_aviso` varchar(15) NOT NULL,
  `email1_aviso` varchar(255) NOT NULL,
  `email2_aviso` varchar(50) NOT NULL,
  `horario_atencion` varchar(200) NOT NULL,
  `geoposicion` enum('si','no') NOT NULL DEFAULT 'no',
  `destacado_aviso` enum('si','no') NOT NULL DEFAULT 'no',
  `fecha_destacado` date NOT NULL,
  `twitter` varchar(200) NOT NULL,
  `facebook` varchar(200) NOT NULL,
  `st_publico_aviso` enum('activo','inactivo') NOT NULL DEFAULT 'activo'
) ENGINE=InnoDB DEFAULT CHARSET=latin1;

--
-- Volcado de datos para la tabla `tbl_publico_aviso`
--

INSERT INTO `tbl_publico_aviso` (`id_publico_aviso`, `id_usuario`, `id_publico_cate_sub`, `id_ciudad`, `fecha_crea`, `titulo_aviso`, `descripcion_aviso`, `tags_aviso`, `direccion_aviso`, `descripcion_corta`, `precio_aviso`, `precio_aviso_2`, `google_maps`, `latitud`, `longitud`, `sitio_web_aviso`, `video_aviso`, `fono_aviso`, `celu_aviso`, `email1_aviso`, `email2_aviso`, `horario_atencion`, `geoposicion`, `destacado_aviso`, `fecha_destacado`, `twitter`, `facebook`, `st_publico_aviso`) VALUES
(3270, 3, 16, 1, '2017-02-15 20:25:25', 'Warner Sarria Víctor', 'Funcionario público autorizado para dar fe de testamentos y otros actos extrajudiciales, conforme a las leyes.', 'notarias, notario', 'Bolognesi Nº 345, Arica', 'Jurisdicción: Arica,  Camarones, Parinacota, Putre, General Lagos', 0, 0, '', '-18.4782939', '-70.32046090000001', '', '', '58-222 5028', '58-223 2996', 'victor.warner@notariawarner.cl', '', 'Lunes a Viernes 09:00 a 18:30 hrs.', 'si', 'no', '0000-00-00', '', '', 'activo'),
(3271, 3, 16, 1, '2017-02-15 20:36:31', 'Retamamal Concha Juan Antonio', 'Funcionario público autorizado para dar fe de testamentos y otros actos extrajudiciales, conforme a las leyes.', 'notarias, notario', 'Baquedano N° 65, Arica', 'Jurisdicción: Arica,  Camarones, Parinacota, Putre, General Lagos', 0, 0, '', '-18.4810576', '-70.3199274\n', '', '', '58-223 3589', '', 'notariaretamal@vtr.net', '', 'Lunes a Viernes 09:00 a 18:30 hrs.', 'si', 'no', '0000-00-00', '', '', 'activo'),
(3274, 3, 16, 2, '2017-02-15 20:36:31', 'Niño de Zepeda Parra, M.Antonieta', 'Funcionario público autorizado para dar fe de testamentos y otros actos extrajudiciales, conforme a las leyes.', 'notarias, notario', 'Anibal Pinto Nº555,  Iquique', 'Jurisdicción: Iquique , Alto Hospicio', 0, 0, '', '-20.2134973', '-70.15277709999999\n', 'www.notariamanzp.cl', '', '57-253 2352', '57-253 2354', 'notaria@notariamanzp.cl', '', 'Lunes a Viernes 09:00 a 18:30 hrs.', 'si', 'no', '0000-00-00', '', '', 'activo'),
(3275, 3, 16, 2, '2017-02-15 20:36:31', 'Poza Matus Abner', 'Funcionario público autorizado para dar fe de testamentos y otros actos extrajudiciales, conforme a las leyes.', 'notarias, notario', 'Serrano Nº 191, Iquique', 'Jurisdicción: Iquique , Alto Hospicio', 0, 0, '', '-20.2131557', '-70.15285639999999\n', '', '', '57-252 3475', '57-252 3474', 'notario.abnerpoza@gmail.com', '', 'Lunes a Viernes 09:00 a 18:30 hrs.', 'si', 'no', '0000-00-00', '', '', 'activo'),
(3276, 3, 16, 2, '2017-02-15 20:36:31', 'Araya Blazina Néstor', 'Funcionario público autorizado para dar fe de testamentos y otros actos extrajudiciales, conforme a las leyes.', 'notarias, notario', 'Serrano Nº 386, Iquique', 'Jurisdicción: Iquique , Alto Hospicio', 0, 0, '', '-20.2132083', '-70.15152789999999\n', 'www.notariaaraya.cl', '', '57-239 6910', '57-239 6909 ', 'escrituras@notariaaraya.cl', '', 'Lunes a Viernes 09:00 a 18:30 hrs.', 'si', 'no', '0000-00-00', '', '', 'activo'),
(3277, 3, 16, 2, '2017-02-15 20:36:31', 'Vila Molina Carlos', 'Funcionario público autorizado para dar fe de testamentos y otros actos extrajudiciales, conforme a las leyes.', 'notarias, notario', 'Patricio Lynch N° 525, Iquique', 'Jurisdicción: Iquique , Alto Hospicio', 0, 0, '', '-20.2134443', '-70.1513684\n', 'www.notariavila.cl', '', '57-242 8969', '57-232 2425', 'notariavilaiquique@notariavila.cl', '', 'Lunes a Viernes 09:00 a 18:30 hrs.', 'si', 'no', '0000-00-00', '', '', 'activo'),
(3278, 3, 16, 346, '2017-02-15 20:36:31', 'Rojas Vergara Heraclio', 'Funcionario público autorizado para dar fe de testamentos y otros actos extrajudiciales, conforme a las leyes.', 'notarias, notario', 'Avda. La Pampa 3117 Loc.4, Alto Hospicio', 'Jurisdicción: Iquique castro Alto Hospicio', 0, 0, '', '-20.2707808', '-70.1018203\n', '', '', '57- 249 4145', '', 'rojasnotarioiquique@hotmail.com', '', 'Lunes a Viernes 09:00 a 18:30 hrs.', 'si', 'no', '0000-00-00', '', '', 'activo'),
(3279, 3, 16, 5, '2017-02-15 20:36:31', 'Gonzáles Gonzáles Enso', 'Funcionario público autorizado para dar fe de testamentos y otros actos extrajudiciales, conforme a las leyes.', 'notarias, notario', 'Libertad Nº 680, Pozo Almonte', 'Jurisdicción: Pozo Alomonte,Pica  Colchane,Camiña, Huara', 0, 0, '', '-20.336762', '-69.6580912\n', 'www.notariapa.cl', '', '57 -273 9800', '', 'notariapa@hotmail.com', '', 'Lunes a Viernes 09:00 a 18:30 hrs.', 'si', 'no', '0000-00-00', '', '', 'activo'),
(3280, 3, 16, 7, '2017-02-15 20:36:31', 'Guerrero Gonzáles Gabriel', 'Funcionario público autorizado para dar fe de testamentos y otros actos extrajudiciales, conforme a las leyes.', 'notarias, notario', 'San Martín Nº 2564, Antofagasta', 'Jurisdicción: Antofagasta, Mejillones Sierra Gorda', 0, 0, '', '-23.6474719', '-70.3983025\n', '', '', '55-284 4877', '55-284 2612', 'contacto@notariaguerrero.cl', '', 'Lunes a Viernes 09:00 a 18:30 hrs.', 'si', 'no', '0000-00-00', '', '', 'activo'),
(3281, 3, 16, 7, '2017-02-15 20:36:31', 'Abasolo Aravena Julio', 'Funcionario público autorizado para dar fe de testamentos y otros actos extrajudiciales, conforme a las leyes.', 'notarias, notario', 'Washington Nº 2653, Antofagasta', 'Jurisdicción: Antofagasta, Mejillones Sierra Gorda', 0, 0, '', '-23.6458935', '-70.3983346\n', '', '', '55-249 7279', '55-228 1955', 'coordinadora1@abasolonotaria.cl', '', 'LUNES A VIERNES DE 09.00 A 14.00 HRS.  TARDE : 16.00 A 19.30 HRS.', 'si', 'no', '0000-00-00', '', '', 'activo'),
(3282, 3, 16, 7, '2017-02-15 20:36:31', 'Hurtado Peralta Gonzalo', 'Funcionario público autorizado para dar fe de testamentos y otros actos extrajudiciales, conforme a las leyes.', 'notarias, notario', 'José de San Martín 2745, Antofagasta', 'Jurisdicción: Antofagasta, Mejillones Sierra Gorda', 0, 0, '', '-23.6460847', '-70.3968601\n', 'www.notariahurtado.cl', '', '55-226 7672 ', '55-222 8105', 'contacto@notariahurtado.cl', '', 'Lunes a Viernes 09:00 a 18:30 hrs.', 'si', 'no', '0000-00-00', '', '', 'activo'),
(3283, 3, 16, 7, '2017-02-15 20:36:31', 'Martínez Tapia Monserrat (Int)', 'Funcionario público autorizado para dar fe de testamentos y otros actos extrajudiciales, conforme a las leyes.', 'notarias, notario', 'Latorre Nº2441, Antofagasta', 'Jurisdicción: Antofagasta, Mejillones Sierra Gorda', 0, 0, '', '-22.455783', '-68.9262823\n', '', '', '55-225 1226 ', '', 'monserrat_martinez@yahoo.es', '', 'Lunes a Viernes 09:00 a 18:30 hrs.', 'si', 'no', '0000-00-00', '', '', 'activo'),
(3284, 3, 16, 7, '2017-02-15 20:36:31', 'Jorquiera Monardez Camila', 'Funcionario público autorizado para dar fe de testamentos y otros actos extrajudiciales, conforme a las leyes.', 'notarias, notario', 'Almirante Latorre N° 2417, Antofagasta', 'Jurisdicción: Antofagasta, Mejillones Sierra Gorda', 0, 0, '', '-23.6491245', '-70.3989119\n', '', '', '55-226 6928', '', 'info@notariajorquiera.cl', '', 'Lunes a Viernes 09:00 a 18:30 hrs.', 'si', 'no', '0000-00-00', '', '', 'activo'),
(3285, 3, 16, 7, '2017-02-15 20:36:31', 'Lascar Merina Maria Soledad', 'Funcionario público autorizado para dar fe de testamentos y otros actos extrajudiciales, conforme a las leyes.', 'notarias, notario', 'Arturo Prat Nº 482 Oficina 25, Antofagasta', 'Jurisdicción: Antofagasta, Mejillones Sierra Gorda', 0, 0, '', '-23.6477911', '-70.3974554\n', 'www.notarialascar.cl', '', '55-238 9779', '55-238 9780 ', 'notario@notarialascar.cl', '', 'Lunes a Viernes 09:00 a 18:30 hrs.', 'si', 'no', '0000-00-00', '', '', 'activo'),
(3287, 3, 16, 9, '2017-02-15 20:36:31', 'García Aguirre Héctor', 'Funcionario público autorizado para dar fe de testamentos y otros actos extrajudiciales, conforme a las leyes.', 'notarias, notario', 'Avda. Arturo Prat Nº607, Taltal', 'Jurisdicción: Taltal', 0, 0, '', '-25.4069691', '-70.4851922\n', '', '', '55-261 1687', '', 'notariataltal@yahoo.cl', '', 'Lunes a Viernes 09:00 a 18:30 hrs.', 'si', 'no', '0000-00-00', '', '', 'activo'),
(3288, 3, 16, 6, '2017-02-15 20:36:31', 'Treuer Moya Juan Santiago', 'Funcionario público autorizado para dar fe de testamentos y otros actos extrajudiciales, conforme a las leyes.', 'notarias, notario', 'Avda. Colón Nº 1281, Tocopilla', 'Jurisdicción: Tocopilla', 0, 0, '', '-22.0923969', '-70.2004415\n', '', '', '55-289 3145', '55-289 3140', 'notaria.tocopilla@gmail.com', '', 'Lunes a Viernes 09:00 a 18:30 hrs.', 'si', 'no', '0000-00-00', '', '', 'activo'),
(3289, 3, 16, 298, '2017-02-15 20:36:31', 'Zegarra Williamson Arturo', 'Funcionario público autorizado para dar fe de testamentos y otros actos extrajudiciales, conforme a las leyes.', 'notarias, notario', '', 'Jurisdicción: Maria Elena', 0, 0, '', '-22.3431165', '-69.66214979999999\n', '', '', '55-255 5030', '55-255 5031', 'notariazegarra@gmail.com', '', 'Lunes a Viernes 09:00 a 18:30 hrs.', 'si', 'no', '0000-00-00', '', '', 'activo'),
(3290, 3, 16, 10, '2017-02-15 20:36:31', 'Varas Plaza Víctor', 'Funcionario público autorizado para dar fe de testamentos y otros actos extrajudiciales, conforme a las leyes.', 'notarias, notario', 'Sotomayor Nº 1961, Calama', 'Jurisdicción: Calama, Ollague, San Pedro de Atacama', 0, 0, '', '-22.4626463', '-68.92518249999999\n', 'www.notariavaras.cl', '', '55- 283 0157 ', '55-254 1836', 'conservadorminas@notariavaras.cl', '', 'Lunes a Viernes 09:00 a 18:30 hrs.', 'si', 'no', '0000-00-00', '', '', 'activo'),
(3291, 3, 16, 10, '2017-02-15 20:36:31', 'Gemmel Martínez Alejandro', 'Funcionario público autorizado para dar fe de testamentos y otros actos extrajudiciales, conforme a las leyes.', 'notarias, notario', 'Avda. Granaderos Nº 2007, Calama', 'Jurisdicción: Calama, Ollague, San Pedro de Atacama', 0, 0, '', '-22.4605594', '-68.9282109\n', '', '', '55-284 0722', '', 'notariagemmel@gmail.com', '', 'Lunes a Viernes 09:00 a 18:30 hrs.', 'si', 'no', '0000-00-00', '', '', 'activo'),
(3292, 3, 16, 10, '2017-02-15 20:36:31', 'Notario Interino Miguel Ángel Jiménez Segura ', 'Funcionario público autorizado para dar fe de testamentos y otros actos extrajudiciales, conforme a las leyes.', 'notarias, notario', 'Vicuña Mackenna Nº 2139, Calama', 'Jurisdicción: Calama, Ollague, San Pedro de Atacama', 0, 0, '', '-22.463392', '-68.9271507\n', 'notariamjs.cl/', '', '55-231 5028', '55-294 3130', 'info@notariamjs.cl', '', 'lunes a viernes de 8:30 a 17:00 hrs', 'si', 'no', '0000-00-00', '', '', 'activo'),
(3293, 3, 16, 10, '2017-02-15 20:36:31', 'Sepúlveda García José Miguel', 'Funcionario público autorizado para dar fe de testamentos y otros actos extrajudiciales, conforme a las leyes.', 'notarias, notario', 'Vivar Nº 1917, Calama', 'Jurisdicción: Calama, Ollague, San Pedro de Atacama', 0, 0, '', '-22.461676', '-68.9244978\n', '', '', '55-259 2506', '55-259 2507', 'notario@notariojosesepulveda.cl', '', 'Lunes a Viernes 09:00 a 18:30 hrs.', 'si', 'no', '0000-00-00', '', '', 'activo'),
(3294, 3, 16, 1, '2017-02-15 20:36:31', 'Notaria Carlos Urbina Reszczynski', 'Funcionario público autorizado para dar fe de testamentos y otros actos extrajudiciales, conforme a las leyes.', 'notarias, notario, arica', 'RAFAEL SOTOMAYOR 301', 'Notaria', 0, 0, '', '', '', 'www.notariaurbina.cl', '', '223232600', '223172165', 'notariaurbinaarica@gmail.com', '', 'Lunes a Viernes 09:00 a 18:30 hrs.', 'si', 'no', '0000-00-00', '', '', 'activo'),
(3295, 3, 16, 11, '2017-02-15 20:36:31', 'Nehme Carpanetti Francisco', 'Funcionario público autorizado para dar fe de testamentos y otros actos extrajudiciales, conforme a las leyes.', 'notarias, notario', 'Yungay Nº 416, Chañaral', 'Jurisdicción: Chañaral, El Salado', 0, 0, '', '', '', '', '', '52-248 0114', '', 'notarioyconservadorchanaral@gmail.com', '', 'Lunes a Viernes 09:00 a 18:30 hrs.', 'no', 'no', '0000-00-00', '', '', 'activo'),
(3296, 3, 16, 13, '2017-02-15 20:36:31', '3era Notaria Gaby Soledad Hernández Soto', 'Funcionario público autorizado para dar fe de testamentos y otros actos extrajudiciales, conforme a las leyes.', 'notarias, notario', 'Colipi 351', 'Jurisdicción: Copiapó, Tierra Amarilla', 0, 0, '', '-34.1565854', '-70.7499553\n', 'www.notariahernandez.cl', '', '52-224 3199', '52-2239736', 'contacto@notariahernandez.cl', '', 'Horario Continuado de Lunes a Viernes de 8:30 a 16:00 hrs.', 'si', 'no', '0000-00-00', '', '', 'activo'),
(3297, 3, 16, 13, '2017-02-15 20:36:31', 'Manquehual Mery Luis Ignacio', 'Funcionario público autorizado para dar fe de testamentos y otros actos extrajudiciales, conforme a las leyes.', 'notarias, notario', 'Colipi Nº 351, Copiapó', 'Jurisdicción: Copiapó, Tierra Amarilla', 0, 0, '', '-27.3678884', '-70.3327051\n', '', '', '52-221 2901 ', '52-224 0497', 'notariamanquehual@gmail.com', '', 'Lunes a Viernes 09:00 a 18:30 hrs.', 'si', 'no', '0000-00-00', '', '', 'activo'),
(3298, 3, 16, 13, '2017-02-15 20:36:31', 'Villarino Krumm Felipe', 'Funcionario público autorizado para dar fe de testamentos y otros actos extrajudiciales, conforme a las leyes.', 'notarias, notario', 'Atacama N° 402, Copiapo', 'Jurisdicción: Copiapó, Tierra Amarilla', 0, 0, '', '-27.365762', '-70.3363792\n', '', '', '52-224 2089 ', '52 2243383', 'cuartanotariadecopiapo@gmail.com', '', 'Lunes a Viernes 09:00 a 17:00 hrs. horario continuado', 'si', 'no', '0000-00-00', '', '', 'activo'),
(3299, 3, 16, 14, '2017-02-15 20:36:31', 'Moreno Jashes Carolina', 'Funcionario público autorizado para dar fe de testamentos y otros actos extrajudiciales, conforme a las leyes.', 'notarias, notario', 'Edwards Nº 450, Caldera', 'Jurisdicción: Caldera', 0, 0, '', '-27.0664197', '-70.8232316\n', 'www.conservadorcaldera.cl', '', '52-231 6481', '', 'contacto@notariacaldera.cl', '', 'Lunes a Viernes 09:00 a 18:30 hrs.', 'si', 'no', '0000-00-00', '', '', 'activo'),
(3300, 3, 16, 16, '2017-02-15 20:36:31', 'Perugi Poblete Maria Victoria', 'Funcionario público autorizado para dar fe de testamentos y otros actos extrajudiciales, conforme a las leyes.', 'notarias, notario', 'Arturo Prat Nº 977, Of. 4 y 5, Vallenar', 'Jurisdicción: Vallernar, Alto Del Carmen', 0, 0, '', '-28.5763281', '-70.75938839999999\n', '', '', '51-261 4156', '', 'conservadorvallenar@hotmail.com', '', 'Lunes a Viernes 09:00 a 18:30 hrs.', 'si', 'no', '0000-00-00', '', '', 'activo'),
(3301, 3, 16, 16, '2017-02-15 20:36:31', 'Olivares Pizarro Ricardo', 'Funcionario público autorizado para dar fe de testamentos y otros actos extrajudiciales, conforme a las leyes.', 'notarias, notario', 'Arturo Prat Nº 960, Loc. 14', 'Jurisdicción: Vallernar, Alto Del Carmen', 0, 0, '', '-28.5762533', '-70.759551\n', '', '', '51-261 0121', '', 'notario@notariaolivares.cl', '', 'Lunes a Viernes de 09.00 a 13 hrs. y en la tarde de 15.30 a 17.00 hrs.', 'si', 'no', '0000-00-00', '', '', 'activo'),
(3302, 3, 16, 17, '2017-02-15 20:36:31', 'Notaria Silva Marchant Darío', 'Funcionario público autorizado para dar fe de testamentos y otros actos extrajudiciales, conforme a las leyes.', 'notarias, notario', 'Arturo Prat 502, Freirina', 'Jurisdicción: Freirina, Huasco', 0, 0, '', '', '', '', '', '51 2518783', '51 2519171', 'notariasilvamarchant@hotmail.com', '', 'Lunes a Viernes: 9:00 a 18:00 hrs.', 'no', 'no', '0000-00-00', '', '', 'activo'),
(3303, 3, 16, 19, '2017-02-15 20:36:31', 'Medina Fernández Carlos', 'Funcionario público autorizado para dar fe de testamentos y otros actos extrajudiciales, conforme a las leyes.', 'notarias, notario', 'Los Carrera 533', 'Jurisdicción: La Serena, La Higuera', 0, 0, '', '-29.9036916', '-71.2514939\n', '', '', '51-248 3940', '', 'notariamedina@vtr.net', '', 'Lunes a Viernes 09:00 a 18:30 hrs.', 'si', 'no', '0000-00-00', '', '', 'activo'),
(3304, 3, 16, 19, '2017-02-15 20:36:31', 'Fernández Mora Oscar', 'Funcionario público autorizado para dar fe de testamentos y otros actos extrajudiciales, conforme a las leyes.', 'notarias, notario', 'Cordovez Nº 588 local 108, La Serena', 'Jurisdicción: La Serena, La Higuera', 0, 0, '', '-29.9031846', '-71.24876619999999\n', '', '', '51-254 3320', '51-254 3321', 'notariafernandez@gmail.com', '', 'Lunes a Viernes 09:00 a 18:30 hrs.', 'si', 'no', '0000-00-00', '', '', 'activo'),
(3305, 3, 16, 19, '2017-02-15 20:36:31', 'Leyton Carvajal Elena', 'Funcionario público autorizado para dar fe de testamentos y otros actos extrajudiciales, conforme a las leyes.', 'notarias, notario', 'Cordovez Nº 317, La Serena', 'Jurisdicción: La Serena, La Higuera', 0, 0, '', '-29.9033701', '-71.2524406\n', 'www.notarialeyton.cl', '', '51-222 5000', '', 'contacto@notarialeyton.cl', '', 'Lunes a Viernes 09:00 a 18:30 hrs.', 'si', 'no', '0000-00-00', '', '', 'activo'),
(3306, 3, 16, 19, '2017-02-15 20:36:31', 'Reinoso Herrera Rubén ', 'Funcionario público autorizado para dar fe de testamentos y otros actos extrajudiciales, conforme a las leyes.', 'notarias, notario', 'Gregorio Cordovez 405, La Serena', 'Jurisdicción: La Serena, La Higuera', 0, 0, '', '-29.9032851', '-71.251271\n', 'www.notariareinoso.cl', '', '51-222 4642', '51-222 4883', 'contacto@notariareinoso.cl', '', 'Lunes a Viernes 09:00 a 18:30 hrs.', 'si', 'no', '0000-00-00', '', '', 'activo'),
(3307, 3, 16, 21, '2017-02-15 20:36:31', 'Barrena Eyzaguirre Claudio', 'Funcionario público autorizado para dar fe de testamentos y otros actos extrajudiciales, conforme a las leyes.', 'notarias, notario', 'Melgarejo Nº 1030, Coquimbo', 'Jurisdicción: Coquimbo, Tongoy', 0, 0, '', '-29.95359', '-71.3376586\n', '', '', '51-231 8975 ', '51-231 8699 ', 'cbarrena@notariadecoquimbo.cl', '', 'Lunes a Viernes 09:00 a 18:30 hrs.', 'si', 'no', '0000-00-00', '', '', 'activo'),
(3308, 3, 16, 21, '2017-02-15 20:36:31', 'Torrealba Ziliani Mariano', 'Funcionario público autorizado para dar fe de testamentos y otros actos extrajudiciales, conforme a las leyes.', 'notarias, notario', 'Bilbao Nº 451, Coquimbo', 'Jurisdicción: Coquimbo, Tongoy', 0, 0, '', '-29.9539914', '-71.3389528\n', '', '', '51-254 5856', '51-254 5854', 'notariatorrealbaz@gmail.com', '', 'Lunes a Viernes 09:00 a 18:30 hrs.', 'si', 'no', '0000-00-00', '', '', 'activo'),
(3309, 3, 16, 21, '2017-02-15 20:36:31', 'Yaber Lozano Sergio', 'Funcionario público autorizado para dar fe de testamentos y otros actos extrajudiciales, conforme a las leyes.', 'notarias, notario', 'Aldunate Nº 1201, Coquimbo.', 'Jurisdicción: Coquimbo, Tongoy', 0, 0, '', '-29.9549185', '-71.3387377\n', '', '', '51-232 5574', '51-232 5576', 'notyaber@terra.cl', '', 'Lunes a Viernes 09:00 a 18:30 hrs.', 'si', 'no', '0000-00-00', '', '', 'activo'),
(3310, 3, 16, 21, '2017-02-15 20:36:31', 'Bauzá Fredes Miguel', 'Funcionario público autorizado para dar fe de testamentos y otros actos extrajudiciales, conforme a las leyes.', 'notarias, notario', 'Ruta D 43 N° 901 Of. 101, Coquimbo', 'Jurisdicción: Coquimbo, Tongoy', 0, 0, '', '-30.6082912', '-71.1941365\n', '', '', '51-267 4125', '51-254 4531', 'mbauza@notariabauza.cl', '', 'Lunes a Viernes 09:00 a 18:30 hrs.', 'si', 'no', '0000-00-00', '', '', 'activo'),
(3311, 3, 16, 23, '2017-02-15 20:36:31', 'Hurtado Navia Daniel', 'Funcionario público autorizado para dar fe de testamentos y otros actos extrajudiciales, conforme a las leyes.', 'notarias, notario', 'Gabriela Mistral Nº 582,  Vicuña', 'Jurisdicción: Vicuña, Paihuano', 0, 0, '', '-30.0337002', '-70.70978239999999\n', 'www.nycvivuna.cl', '', '51-241 9305', '', 'notaria.conservador.vicuna@gmail.com', '', 'Lunes a Viernes 09:00 a 18:30 hrs.', 'si', 'no', '0000-00-00', '', '', 'activo'),
(3312, 3, 16, 22, '2017-02-15 20:36:31', 'Bravo Barria Andrea', 'Funcionario público autorizado para dar fe de testamentos y otros actos extrajudiciales, conforme a las leyes.', 'notarias, notario', 'Urmeneta Nº 714, Andacollo', 'Jurisdicción: Andacollo', 0, 0, '', '-30.2352675', '-71.0854303\n', '', '', '8-8285521', '', 'notabravoandacollo@gmail.com', '', 'Lunes a Viernes 09:00 a 18:30 hrs.', 'si', 'no', '0000-00-00', '', '', 'activo'),
(3313, 3, 16, 25, '2017-02-15 20:36:31', 'Cabrera Albarrán Rodrigo', 'Funcionario público autorizado para dar fe de testamentos y otros actos extrajudiciales, conforme a las leyes.', 'notarias, notario', 'Victoria Nº 351, Ovalle   ', 'Jurisdicción: Ovalle, Rio Hurtado, Punitaqui', 0, 0, '', '-30.6045115', '-71.2030539\n', 'www.notariacabrera.cl', '', '53-243 3140 ', '53-243 3141', 'notariacabrera@gmail.com', '', 'Lunes a Viernes 09:00 a 18:30 hrs.', 'si', 'no', '0000-00-00', '', '', 'activo'),
(3314, 3, 16, 25, '2017-02-15 20:36:31', 'Jiménez Larraín Eugenio', 'Funcionario público autorizado para dar fe de testamentos y otros actos extrajudiciales, conforme a las leyes.', 'notarias, notario', 'Vicuña Mackenna Nº 370 Of. 7 y 8, Ovalle', 'Jurisdicción: Ovalle, Rio Hurtado, Punitaqui', 0, 0, '', '-30.6038313', '-71.2028768\n', '', '', '53-262 4294', '', 'notariajimenez@hotmail.com', '', 'Lunes a Viernes 09:00 a 18:30 hrs.', 'si', 'no', '0000-00-00', '', '', 'activo'),
(3315, 3, 16, 25, '2017-02-15 20:36:31', 'Serrano del Solar Aníbal ', 'Funcionario público autorizado para dar fe de testamentos y otros actos extrajudiciales, conforme a las leyes.', 'notarias, notario', 'Open Plaza prolongación Benavente N° 1075 local 1480, Ovalle', 'Jurisdicción: Ovalle, Rio Hurtado, Punitaqui', 0, 0, '', '-30.5982321', '-71.1845726\n', 'www.notariaserrano.cl', '', '53-259 5600 ', '53-2595126', 'aserrano@notariaserrano.cl', '', 'Lunes a Viernes 09:00 a 18:30 hrs.', 'si', 'no', '0000-00-00', '', '', 'activo'),
(3316, 3, 16, 26, '2017-02-15 20:36:31', 'Oda Ottone Jaime', 'Funcionario público autorizado para dar fe de testamentos y otros actos extrajudiciales, conforme a las leyes.', 'notarias, notario', 'Diego de Almagro Nº 75 Monte Patria', 'Jurisdicción: asiento Monte Patria', 0, 0, '', '', '', '', '', '53-271 1054', '', 'notaria.mpatria@gmail.com', '', 'Lunes a Viernes 09:00 a 18:30 hrs.', 'no', 'no', '0000-00-00', '', '', 'activo'),
(3317, 3, 16, 29, '2017-02-15 20:36:31', 'Cerda Silva Orlando', 'Funcionario público autorizado para dar fe de testamentos y otros actos extrajudiciales, conforme a las leyes.', 'notarias, notario', 'Plaza de Armas Nº 372, Combarbalá ', 'Jurisdicción: Combarbalá', 0, 0, '', '-31.1778352', '-71.0019362\n', 'www.conservadorcombarbala.cl', '', '53-274 1365', '53-274 1742', 'orlando.cerda@gmail.com', '', 'Lunes a Viernes 09:00 a 18:30 hrs.', 'si', 'no', '0000-00-00', '', '', 'activo'),
(3318, 3, 16, 32, '2017-02-15 20:36:31', 'Gonzáles Salinas Alvaro David', 'Funcionario público autorizado para dar fe de testamentos y otros actos extrajudiciales, conforme a las leyes.', 'notarias, notario', 'Pobl. Recsi Block H depto 11, Salamanca', 'Jurisdicción: Salamanca', 0, 0, '', '', '', '', '', '53-243 0132', '53-243 0135', 'alvarodavid4@hotmail.com', '', 'Lunes a Viernes 09:00 a 18:30 hrs.', 'no', 'no', '0000-00-00', '', '', 'activo'),
(3319, 3, 16, 33, '2017-02-15 20:36:31', 'Notaria Mario Barría Gallegos', 'Funcionario público autorizado para dar fe de testamentos y otros actos extrajudiciales, conforme a las leyes.', 'notarias, notario', 'Colo Colo 345', 'Jurisdicción: Los Vilos, Canela', 0, 0, '', '-32.8421634', '-70.6035005\n', 'www.notarialosvilos.cl', '', '53-254 1188', '', 'notaria@notarialosvilos.cl', '', 'Lunes a Jueves de 8:45 a 14:00 hrs. y de 15.20 a 17.20 hrs.<br>Viernes 8.45 – 15.15 hrs.', 'si', 'no', '0000-00-00', '', '', 'activo'),
(3320, 3, 16, 34, '2017-02-15 20:36:31', 'Astorga Lagos Maria Ester', 'Funcionario público autorizado para dar fe de testamentos y otros actos extrajudiciales, conforme a las leyes.', 'notarias, notario', 'Cochrane Nº 836-838, Valparaíso', 'Jurisdicción: Valparaíso, Juan Fernández', 0, 0, '', '-33.0401661', '-71.62688399999999\n', '', '', '32 -221 4917', '', 'astorga.notaria@gmail.com', '', 'Lunes a Viernes 09:00 a 18:30 hrs.', 'si', 'no', '0000-00-00', '', '', 'activo'),
(3321, 3, 16, 34, '2017-02-15 20:36:31', 'Tavolari Oliveros Marcela', 'Funcionario público autorizado para dar fe de testamentos y otros actos extrajudiciales, conforme a las leyes.', 'notarias, notario', 'Blanco Nº 648, Valparaíso', 'Jurisdicción: Valparaíso, Juan Fernández', 0, 0, '', '-33.0387955', '-71.6281309\n', 'www.marcelatavalori.cl', '', '32-225 5094', '32-2757289', 'notaria@marcelatavaroli.cl', '', 'Lunes a Viernes 09:00 a 18:30 hrs.', 'si', 'no', '0000-00-00', '', '', 'activo'),
(3322, 3, 16, 34, '2017-02-15 20:36:31', 'Sepúlveda Valenzuela Alejandro', 'Funcionario público autorizado para dar fe de testamentos y otros actos extrajudiciales, conforme a las leyes.', 'notarias, notario', 'Blanco Nº 854, Valparaíso', 'Jurisdicción: Valparaíso, Juan Fernández', 0, 0, '', '-33.0399603', '-71.6266371\n', '', '', '32-225 2968', '32-225 2654', 'asepulvedanotaria@hotmail.cl', '', 'Lunes a Viernes 09:00 a 18:30 hrs.', 'si', 'no', '0000-00-00', '', '', 'activo'),
(3323, 3, 16, 34, '2017-02-15 20:36:31', 'Díaz León Marcos', 'Funcionario público autorizado para dar fe de testamentos y otros actos extrajudiciales, conforme a las leyes.', 'notarias, notario', 'Prat Nº 612, Valparaíso', 'Jurisdicción: Valparaíso, Juan Fernández', 0, 0, '', '-33.0393824', '-71.62906599999999\n', '', '', '32- 221 0183', '', 'info@notariamarcosdiaz.cl', '', 'Lunes a Viernes 09:00 a 18:30 hrs.', 'si', 'no', '0000-00-00', '', '', 'activo'),
(3324, 3, 16, 34, '2017-02-15 20:36:31', 'Sordo Ana María (Interino)', 'Funcionario público autorizado para dar fe de testamentos y otros actos extrajudiciales, conforme a las leyes.', 'notarias, notario', 'Esmeralda Nº 973, local 101, Valparaíso', 'Jurisdicción: Valparaíso, Juan Fernández', 0, 0, '', '-33.0410606', '-71.6254862\n', '', '', '32-215 8665', '', 'ams.notario@gmail.com', '', 'Lunes a Viernes 09:00 a 18:30 hrs.', 'si', 'no', '0000-00-00', '', '', 'activo'),
(3325, 3, 16, 34, '2017-02-15 20:36:31', 'Notaria Gerardo Cortés Gasaui', 'Funcionario público autorizado para dar fe de testamentos y otros actos extrajudiciales, conforme a las leyes.', 'notarias, notario', 'Prat 829', 'Jurisdicción: Valparaíso, Juan Fernández', 0, 0, '', '-33.0404216', '-71.6269391\n', '', '', '22358604', '22358601', 'notariacortes.valpo@gmail.com', '', 'Lunes a Viernes 09:00 a 18:30 hrs.', 'si', 'no', '0000-00-00', '', '', 'activo'),
(3326, 3, 16, 34, '2017-02-15 20:36:31', 'Plancencio Peñaloza Manuel', 'Funcionario público autorizado para dar fe de testamentos y otros actos extrajudiciales, conforme a las leyes.', 'notarias, notario', 'Prat Nº 856, Valparaíso', 'Jurisdicción: Valparaíso, Juan Fernández', 0, 0, '', '-33.0404664', '-71.62685669999999\n', '', '', '32-221 3733', '', 'info@mplacencio.cl', '', 'Lunes a Viernes 09:00 a 18:30 hrs.', 'si', 'no', '0000-00-00', '', '', 'activo'),
(3327, 3, 16, 34, '2017-02-15 20:36:31', 'Ravanal Toro Sonia', 'Funcionario público autorizado para dar fe de testamentos y otros actos extrajudiciales, conforme a las leyes.', 'notarias, notario', 'Chacabuco Nº 2843-2845, Valparaíso', 'Jurisdicción: Valparaíso, Juan Fernández', 0, 0, '', '-33.0463058', '-71.60624039999999\n', '', '', '32-225 6652', '32-222 0949', 'escrituras@notariaravanal.cl', '', 'Lunes a Viernes 09:00 a 18:30 hrs.', 'si', 'no', '0000-00-00', '', '', 'activo'),
(3328, 3, 16, 34, '2017-02-15 20:36:31', 'Tejeda Naranjo Rafael ', 'Funcionario público autorizado para dar fe de testamentos y otros actos extrajudiciales, conforme a las leyes.', 'notarias, notario', 'Cochrane Nº 892, Valparaíso', 'Jurisdicción: Valparaíso, Juan Fernández', 0, 0, '', '-33.0405341', '-71.62624699999999\n', '', '', '32-254 3291', '32-222 5203', 'notariatejeda@vtr.net', '', 'Lunes a Viernes 09:00 a 18:30 hrs.', 'si', 'no', '0000-00-00', '', '', 'inactivo'),
(3329, 3, 16, 321, '2017-02-15 20:36:31', 'Galán Bauerte María Angélica', 'Funcionario público autorizado para dar fe de testamentos y otros actos extrajudiciales, conforme a las leyes.', 'notarias, notario', 'Larraín Alcalde s/n, Juan Fernández', 'Jurisdicción: Valparaíso castro Juan Fernández', 0, 0, '', '-33.6335247', '-78.8311446\n', '', '', ' 7-5311406', '', 'notariajuanfernandez@gmail.com', '', 'Lunes a Viernes 09:00 a 18:30 hrs.', 'si', 'no', '0000-00-00', '', '', 'activo'),
(3330, 3, 16, 37, '2017-02-15 20:36:31', 'Farren Paredes Raúl ', 'Funcionario público autorizado para dar fe de testamentos y otros actos extrajudiciales, conforme a las leyes.', 'notarias, notario', 'Villanelo  Nº 66, Viña del Mar', 'Jurisdicción: Viña del Mar, Concon ', 0, 0, '', '-33.0231764', '-71.5568009\n', '', '', '32 - 271 1060', '32 - 271 1124', 'raulfarren@notariafarren.cl', '', 'Lunes a Viernes 09:00 a 18:30 hrs.', 'si', 'no', '0000-00-00', '', '', 'activo'),
(3331, 3, 16, 37, '2017-02-15 20:36:31', 'Veloso Mora Juan José', 'Funcionario público autorizado para dar fe de testamentos y otros actos extrajudiciales, conforme a las leyes.', 'notarias, notario', 'Arlegui Nº 333 Lc.111, Viña del Mar', 'Jurisdicción: Viña del Mar, Concon ', 0, 0, '', '-33.0230563', '-71.5577455\n', '', '', '32-271 3945', '32-271 4203', 'jjveloso@notariaveloso.cl', '', 'Lunes a Viernes 09:00 a 18:30 hrs.', 'si', 'no', '0000-00-00', '', '', 'activo'),
(3332, 3, 16, 37, '2017-02-15 20:36:31', '4ta Notaria Evaldo Daniel Rehbein Utreras', 'Funcionario público autorizado para dar fe de testamentos y otros actos extrajudiciales, conforme a las leyes.', 'notarias, notario', 'Avenida Libertad 901 (10 Norte)', 'Jurisdicción: Viña del Mar, Concon ', 0, 0, '', '-33.0240703', '-71.55695059999999\n', 'www.rehbein.cl', '', '32 3321650', '32 3321651', 'rehbein.meson@gmail.com', '', 'Lunes a Jueves de 09:00 a 14:00 hrs. y de 15:30 a 17:30 hrs. Viernes de 09:00 a 14:00 hrs- y de 15:00 a 17:00 hrs.', 'si', 'no', '0000-00-00', '', '', 'activo'),
(3333, 3, 16, 37, '2017-02-15 20:36:31', 'Gervasio Zamudio Eliana', 'Funcionario público autorizado para dar fe de testamentos y otros actos extrajudiciales, conforme a las leyes.', 'notarias, notario', 'Arlegui  Nº 537, Viña del Mar', 'Jurisdicción: Viña del Mar, Concon ', 0, 0, '', '-33.0235622', '-71.5547201\n', 'www.notariagervasio.cl', '', '32-238 2440 ', '32-238 2439', 'notaria@notariagervasio.cl', '', 'Lunes a Viernes 09:00 a 18:30 hrs.', 'si', 'no', '0000-00-00', '', '', 'activo'),
(3334, 3, 16, 37, '2017-02-15 20:36:31', 'Tavolari Oliveros Luis Enrique', 'Funcionario público autorizado para dar fe de testamentos y otros actos extrajudiciales, conforme a las leyes.', 'notarias, notario', 'Libertad 1155-A, Viña del Mar', 'Jurisdicción: Viña del Mar, Concon ', 0, 0, '', '-33.0106363', '-71.54925919999999\n', 'www.notariatavolari.cl', '', '32-246 0710', '', 'notario@notariatavolari.cl', '', 'Lunes a Viernes 09:00 a 18:30 hrs.', 'si', 'no', '0000-00-00', '', '', 'activo'),
(3335, 3, 16, 340, '2017-02-15 20:36:31', 'Gaete Gonzáles Eugenio', 'Funcionario público autorizado para dar fe de testamentos y otros actos extrajudiciales, conforme a las leyes.', 'notarias, notario', 'Tierra del Fuego Nº 903, Con Con', 'Jurisdicción: Viña del Mar, Concon ', 0, 0, '', '-32.9282711', '-71.5204268\n', '', '', '32-248 8326', '', 'notgaete@vtr.net', '', 'Lunes a Viernes 09:00 a 18:30 hrs.', 'si', 'no', '0000-00-00', '', '', 'activo'),
(3336, 3, 16, 37, '2017-02-15 20:36:31', 'Fischer Yavar Luis', 'Funcionario público autorizado para dar fe de testamentos y otros actos extrajudiciales, conforme a las leyes.', 'notarias, notario', 'Avda. 12 Norte 785 piso 3, Viña Del Mar', 'Jurisdicción: Viña del Mar, Concon ', 0, 0, '', '-33.0112661', '-71.54798099999999\n', 'www.notariafischer.cl', '', '32-246 8000', '', 'info@notariafischer.cl', '', 'Lunes a Viernes 09:00 a 18:30 hrs.', 'si', 'no', '0000-00-00', '', '', 'activo'),
(3337, 3, 16, 38, '2017-02-15 20:36:31', 'Acuña Pérez Jorge ', 'Funcionario público autorizado para dar fe de testamentos y otros actos extrajudiciales, conforme a las leyes.', 'notarias, notario', 'Andrés Bello 453', 'Jurisdicción: Quilpué', 0, 0, '', '-33.0464972', '-71.44618179999999\n', '', '', '32-273 0784', '32-273 0786', 'roxananotaria@hotmail.com', '', 'Lunes a Viernes 09:00 a 16:30 hrs.', 'si', 'no', '0000-00-00', '', '', 'activo'),
(3338, 3, 16, 38, '2017-02-15 20:36:31', 'Swett Muñoz Carlos', 'Funcionario público autorizado para dar fe de testamentos y otros actos extrajudiciales, conforme a las leyes.', 'notarias, notario', 'Diego Portales Nº 790 Piso 2, Quilpué', 'Jurisdicción: Quilpué', 0, 0, '', '-33.0470793', '-71.4421461\n', '', '', '32-254 1302 ', '32-254 13 08', 'carlosswett@123.cl', '', 'Lunes a Viernes 09:00 a 18:30 hrs.', 'si', 'no', '0000-00-00', '', '', 'activo'),
(3340, 3, 16, 39, '2017-02-15 20:36:31', 'Cárcamo Olmos Juan Carlos', 'Funcionario público autorizado para dar fe de testamentos y otros actos extrajudiciales, conforme a las leyes.', 'notarias, notario', 'Bs. Aires N° 663 Loc. 1 Galeria Crista', 'Jurisdicción: Villa Alemana', 0, 0, '', '-33.0429233', '-71.37312779999999\n', '', '', '32-327 5614', '', 'jcarcamonotario@gmailcom', '', 'Lunes a Viernes 09:00 a 18:30 hrs.', 'si', 'no', '0000-00-00', '', '', 'activo'),
(3341, 3, 16, 39, '2017-02-15 20:36:31', 'Sotomayor Graepp Paulina', 'Funcionario público autorizado para dar fe de testamentos y otros actos extrajudiciales, conforme a las leyes.', 'notarias, notario', 'Av. Valparaíso N° 584, Villa Alemana', 'Jurisdicción: Villa Alemana', 0, 0, '', '-33.0441001', '-71.3720642\n', 'www.notariassotomayor.cl', '', '32-319 5016', '', 'vdiaz@notariassotomayor.cl', '', 'Lunes a Viernes 09:00 a 18:30 hrs.', 'si', 'no', '0000-00-00', '', '', 'activo'),
(3342, 3, 16, 40, '2017-02-15 20:36:31', 'Monroy Foix Hugo P.', 'Funcionario público autorizado para dar fe de testamentos y otros actos extrajudiciales, conforme a las leyes.', 'notarias, notario', 'Av. Constitución Nº 380, Casablanca', 'Jurisdicción: Casablanca, El Quisco, Algarrobo Curacaví de Santiago', 0, 0, '', '-33.317552', '-71.40906989999999\n', '', '', '32-274 0356', '32-2741090', 'notariamonroy@gmail.com', '', 'Lunes a Viernes 09:00 a 18:30 hrs.', 'si', 'no', '0000-00-00', '', '', 'activo'),
(3344, 3, 16, 48, '2017-02-15 20:36:31', 'Abuyeres Jadue Julio', 'Funcionario público autorizado para dar fe de testamentos y otros actos extrajudiciales, conforme a las leyes.', 'notarias, notario', 'Pudeto Nº 398, Quillota', 'Jurisdicción: Quillota La Cruz', 0, 0, '', '-32.8816276', '-71.2481801\n', 'www.notariajulioabuyeres.cl', '', '33-226 0579', '', 'notaria@notariajulioabuyeres.cl', '', 'Lunes a Viernes 09:00 a 18:30 hrs.', 'si', 'no', '0000-00-00', '', '', 'activo'),
(3345, 3, 16, 50, '2017-02-15 20:36:31', 'Chahuan Issa Lidia Maria', 'Funcionario público autorizado para dar fe de testamentos y otros actos extrajudiciales, conforme a las leyes.', 'notarias, notario', 'Diego Lillo Nº 331, La Calera', 'Jurisdicción: Calera, Hijuelas, Nogales Quillota asiento en la calera', 0, 0, '', '-32.7871055', '-71.19226689999999\n', '', '', '33-222 1418', '', 'notarialacalera@gmail.com', '', 'Lunes a Viernes 09:00 a 18:30 hrs.', 'si', 'no', '0000-00-00', '', '', 'activo'),
(3346, 3, 16, 35, '2017-02-15 20:36:31', 'Kriman Núñez Jenson Aarón', 'Funcionario público autorizado para dar fe de testamentos y otros actos extrajudiciales, conforme a las leyes.', 'notarias, notario', 'Normandie N° 2041, Quintero', 'Jurisdicción: Quintero, Puchancaví', 0, 0, '', '-32.7867263', '-71.52729819999999\n', 'www.notariaquintero.cl', '', '32-293 2050', '', 'contacto@notariaquintero.cl', '', 'Lunes a Viernes 09:00 a 18:30 hrs.', 'si', 'no', '0000-00-00', '', '', 'activo'),
(3347, 3, 16, 41, '2017-02-15 20:36:31', 'Hey Paoa Jacobo', 'Funcionario público autorizado para dar fe de testamentos y otros actos extrajudiciales, conforme a las leyes.', 'notarias, notario', 'Juzg. De Letras,  Isla de Pascua', 'Jurisdicción: Isla de Pascua', 0, 0, '', '', '', '', '', '32-210 0223', '', 'notariaisladepascua@hotmail.com', '', 'Lunes a Viernes 09:00 a 18:30 hrs.', 'no', 'no', '0000-00-00', '', '', 'activo'),
(3348, 3, 16, 59, '2017-02-15 20:36:31', 'Sánchez Cuesta Vicente', 'Funcionario público autorizado para dar fe de testamentos y otros actos extrajudiciales, conforme a las leyes.', 'notarias, notario', 'Uribe N° 150, La Ligua', 'Jurisdicción: La Ligua, Cabildo Zapallar, Papudo', 0, 0, '', '-32.4494227', '-71.2301662\n', '', '', '33-233 3412', 'anexo 22', 'partes@notarialaligua.cl', '', 'Lunes a Viernes 09:00 a 18:30 hrs.', 'si', 'no', '0000-00-00', '', '', 'activo'),
(3349, 3, 16, 55, '2017-02-15 20:36:31', 'Haupt Ossa Alejandro (Interino)', 'Funcionario público autorizado para dar fe de testamentos y otros actos extrajudiciales, conforme a las leyes.', 'notarias, notario', 'Silva Nº 835, Petorca', 'Jurisdicción: Petorca', 0, 0, '', '-32.2507262', '-70.9296983\n', '', '', '33-278 1473', '', 'notariapetorca@gmail.com', '', 'Lunes a Viernes 09:00 a 18:30 hrs.', 'si', 'no', '0000-00-00', '', '', 'activo'),
(3350, 3, 16, 66, '2017-02-15 20:36:31', 'Ordoñez Urbina Max', 'Funcionario público autorizado para dar fe de testamentos y otros actos extrajudiciales, conforme a las leyes.', 'notarias, notario', 'Rodríguez Nº 350, Los Andes', 'Jurisdicción: Los Andes San esteban, calle larga, Rinconada', 0, 0, '', '-32.8321531', '-70.5974796\n', '', '', '34-242 1260', '', 'notariaordonez@gmail.com', '', 'Lunes a Viernes 09:00 a 14:00 hrs. y de 15:00 a 18:00 hrs.', 'si', 'no', '0000-00-00', '', '', 'activo'),
(3351, 3, 16, 66, '2017-02-15 20:36:31', 'Rivas Schultz Marta', 'Funcionario público autorizado para dar fe de testamentos y otros actos extrajudiciales, conforme a las leyes.', 'notarias, notario', 'Esmeralda Nº 417, Los Andes', 'Jurisdicción: Los Andes San esteban, calle larga, Rinconada', 0, 0, '', '-32.832909', '-70.5988559\n', '', '', '34-242 2533', '34-242 1198', 'fernandolira@martarivas.cl', '', 'Lunes a Viernes 09:00 a 18:30 hrs.', 'si', 'no', '0000-00-00', '', '', 'activo'),
(3352, 3, 16, 60, '2017-02-15 20:36:31', 'Polloni Contardo Jaime', 'Funcionario público autorizado para dar fe de testamentos y otros actos extrajudiciales, conforme a las leyes.', 'notarias, notario', 'Merced Nº 192, San Felipe', 'Jurisdicción: San Felipe, Panquehue,Catemu Santa María', 0, 0, '', '-32.7514185', '-70.7244654\n', '', '', '34-251 1064', '', 'mabelnotaria@hotmail.com', '', 'Lunes a Viernes 09:00 a 18:30 hrs.', 'si', 'no', '0000-00-00', '', '', 'activo'),
(3353, 3, 16, 65, '2017-02-15 20:36:31', '3era Notaria Fernando Laso Cordero', 'Funcionario público autorizado para dar fe de testamentos y otros actos extrajudiciales, conforme a las leyes.', 'notarias, notario', 'CALLE PATRICIO LYNCH 28', 'Jurisdicción: Llay Llay', 0, 0, '', '-32.8414414', '-70.95511999999999\n', '', '', '34 2611028', '', 'contacto@notariayconservadorllayllay.cl', '', 'Horario Contingencia: Lunes a Viernes de 09:00 a 14:00 hrs.', 'si', 'no', '0000-00-00', '', '', 'activo'),
(3354, 3, 16, 61, '2017-02-15 20:36:31', 'Lolas Chaban Cristina E.', 'Funcionario público autorizado para dar fe de testamentos y otros actos extrajudiciales, conforme a las leyes.', 'notarias, notario', 'Comercio Nº 496, Putaendo', 'Jurisdicción: Putaendo', 0, 0, '', '-32.6267213', '-70.71662909999999\n', '', '', '34-250 2352', '', 'notariayconservadorputaendo@gmail.com', '', 'Lunes a Viernes 09:00 a 18:30 hrs.', 'si', 'no', '0000-00-00', '', '', 'activo'),
(3355, 3, 16, 42, '2017-02-15 20:36:31', 'Ricci Diaz Ximena', 'Funcionario público autorizado para dar fe de testamentos y otros actos extrajudiciales, conforme a las leyes.', 'notarias, notario', 'Barros Luco 1789', 'Notario y conservador de minas. Jurisdicción: San Antonio, El Tabo,Naividad, Cartagena, Sto Domingo.', 0, 0, '', '-33.5955321', '-71.61332349999999\n', '', '', '35-223 1040', '35-2211394', 'notariaximenaricci@gmail.com', '', 'Lunes a Viernes 09:00 a 18:30 hrs.', 'si', 'no', '0000-00-00', '', '', 'activo'),
(3356, 3, 16, 37, '2017-02-15 20:36:31', 'Notaria Francisco Javier Fuenzalida Rodríguez (ex Notaria Veloso)', 'Funcionario público autorizado para dar fe de testamentos y otros actos extrajudiciales, conforme a las leyes.', 'notarias, notario', 'Arlegui 333, Local 111', '2da Notaría de Viña Del Mar', 0, 0, '', '-33.5798146', '-71.60919269999999\n', '', '', '32-271 3945', '32-2714203', 'pmiranda@notariafuenzalida.cl', '', 'Lunes a Viernes de 09:00 a las 16:00 hrs.', 'si', 'no', '0000-00-00', '', '', 'activo'),
(3357, 3, 16, 71, '2017-02-15 20:36:31', 'Mendoza Escalas Antonieta', 'Funcionario público autorizado para dar fe de testamentos y otros actos extrajudiciales, conforme a las leyes.', 'notarias, notario', 'San Sebastian Nº 2750, Las Condes', 'Jurisdicción: Santiago, Qta Normal, E.Central, Independencia, Renca, Recoleta,Quilicura, Conchalí, Pudahue,Cerro Navia, Providencia, L.Prado,Huechuraba, Ñuñoa, Las Condes,Macul, Lo Barnechea, Peñalolén,Vitacura, Maipú, La Florida,', 0, 0, '', '-33.4161863', '-70.60205929999999\n', 'www.notariamendoza.cl', '', '2-2915 0100 ', '', 'notaria@notariamendoza.cl', '', 'Lunes a Viernes 09:00 a 18:30 hrs.', 'si', 'no', '0000-00-00', '', '', 'activo'),
(3358, 3, 16, 328, '2017-02-15 20:36:31', 'Notaria Ogalde Rodríguez Gabriel', 'Funcionario público autorizado para dar fe de testamentos y otros actos extrajudiciales, conforme a las leyes.', 'notarias, notario', 'Alameda Nº 3425, Estación Central ', 'Jurisdicción: Santiago, Qta Normal, E.Central, Independencia, Renca, Recoleta,Quilicura, Conchalí, Pudahue,Cerro Navia, Providencia', 0, 0, '', '-33.4514533', '-70.68096349999999\n', '', '', '227784332', '', 'terceranotariasantiago@gmail.com', '', 'Lunes a Viernes 09:00 a 18:30 hrs.', 'si', 'no', '0000-00-00', '', '', 'activo'),
(3359, 3, 16, 71, '2017-02-15 20:36:31', 'Raby Benavente Patricio', 'Funcionario público autorizado para dar fe de testamentos y otros actos extrajudiciales, conforme a las leyes.', 'notarias, notario', 'Gertrudis Echeñique Nº 30 Of. 44, Las Condes', 'Jurisdicción: Santiago, Qta Normal, E.Central, Independencia, Renca, Recoleta,Quilicura, Conchalí, Pudahue,Cerro Navia, Providencia', 0, 0, '', '-33.4160483', '-70.59152619999999\n', 'www.notariaraby.cl', '', '2-2599 2453', '', 'notariaraby@notariaraby.cl', '', 'Lunes a Viernes 09:00 a 18:30 hrs.', 'si', 'no', '0000-00-00', '', '', 'activo'),
(3360, 3, 16, 72, '2017-02-15 20:36:31', 'Martin Illanes Alfredo', 'Funcionario público autorizado para dar fe de testamentos y otros actos extrajudiciales, conforme a las leyes.', 'notarias, notario', 'Santa Magdalena Nº 98 , Providencia', 'Jurisdicción: Santiago, Qta Normal, E.Central, Independencia, Renca, Recoleta,Quilicura, Conchalí, Pudahue,Cerro Navia, Providencia', 0, 0, '', '-33.4205336', '-70.60967939999999\n', 'www.notariamartin.cl', '', '2- 2232 0020', '', 'amartin@notariamartin.cl', '', 'Lunes a Viernes 09:00 a 18:30 hrs.', 'si', 'no', '0000-00-00', '', '', 'activo'),
(3361, 3, 16, 71, '2017-02-15 20:36:31', 'Mendoza Escalas Antonieta', 'Funcionario público autorizado para dar fe de testamentos y otros actos extrajudiciales, conforme a las leyes.', 'notarias, notario', 'San Sebastian Nº 2750, Las Condes', 'Jurisdicción: Santiago, Qta Normal, E.Central, Independencia, Renca, Recoleta,Quilicura, Conchalí, Pudahue,Cerro Navia, Providencia', 0, 0, '', '-33.4161863', '-70.60205929999999\n', 'www.notariamendoza.cl', '', '2- 2915 0100 ', '', 'notaria@notariamendoza.cl', '', 'Lunes a Viernes 09:00 a 18:30 hrs.', 'si', 'no', '0000-00-00', '', '', 'activo'),
(3362, 3, 16, 71, '2017-02-15 20:36:31', 'Santelices Narducci Humberto', 'Funcionario público autorizado para dar fe de testamentos y otros actos extrajudiciales, conforme a las leyes.', 'notarias, notario', 'Av.El Bosque Norte Nº 047, Las Condes', 'Jurisdicción: Santiago, Qta Normal, E.Central, Independencia, Renca, Recoleta,Quilicura, Conchalí, Pudahue,Cerro Navia, Providencia', 0, 0, '', '-33.4171595', '-70.6000792\n', '', '', '2- 2335 9015', '2- 2335 9016', 'notario@notariassantelices.cl', '', 'Lunes a Viernes 09:00 a 18:30 hrs.', 'si', 'no', '0000-00-00', '', '', 'activo'),
(3363, 3, 16, 94, '2017-02-15 20:36:31', 'Martel Becerra Sergio', 'Funcionario público autorizado para dar fe de testamentos y otros actos extrajudiciales, conforme a las leyes.', 'notarias, notario', 'Av. Esquina Blanca Nº 0211, Maipú', 'Jurisdicción: Santiago, Qta Normal, E.Central, Independencia, Renca, Recoleta,Quilicura, Conchalí, Pudahue,Cerro Navia, Providencia', 0, 0, '', '-33.5107441', '-70.75529589999999\n', '', '', '2- 2531 1768', '2-2531 2368', '24notaria@vtr.net', '', 'Lunes a Viernes 09:00 a 18:30 hrs.', 'si', 'no', '0000-00-00', '', '', 'activo'),
(3364, 3, 16, 72, '2017-02-15 20:36:31', 'Avello Concha Eduardo', 'Funcionario público autorizado para dar fe de testamentos y otros actos extrajudiciales, conforme a las leyes.', 'notarias, notario', 'Orrego Luco Nº 0153, Providencia', 'Jurisdicción: Santiago, Qta Normal, E.Central, Independencia, Renca, Recoleta,Quilicura, Conchalí, Pudahue,Cerro Navia, Providencia', 0, 0, '', '-33.4219919', '-70.6130782\n', 'www.notaria-avello.cl', '', '2- 2620 0400 ', '', 'edoavello@notaria-avello.cl', '', 'Lunes a Viernes 09:00 a 18:30 hrs.', 'si', 'no', '0000-00-00', '', '', 'activo'),
(3365, 3, 16, 329, '2017-02-15 20:36:31', 'Saiz del Campo Juan Luis', 'Funcionario público autorizado para dar fe de testamentos y otros actos extrajudiciales, conforme a las leyes.', 'notarias, notario', 'Recoleta Nº 377, Recoleta', 'Jurisdicción: Santiago, Qta Normal, E.Central, Independencia, Renca, Recoleta,Quilicura, Conchalí, Pudahue,Cerro Navia, Providencia', 0, 0, '', '-33.4287734', '-70.6466222\n', '', '', '2- 2737 8872', '2- 2737 2835', 'notariasaiz@tie.cl', '', 'Lunes a Viernes 09:00 a 18:30 hrs.', 'si', 'no', '0000-00-00', '', '', 'activo'),
(3366, 3, 16, 72, '2017-02-15 20:36:31', 'Diez Morello Eduardo', 'Funcionario público autorizado para dar fe de testamentos y otros actos extrajudiciales, conforme a las leyes.', 'notarias, notario', 'Luis Thayer Ojeda N° 399, Providencia', 'Jurisdicción: Santiago, Qta Normal, E.Central, Independencia, Renca, Recoleta,Quilicura, Conchalí, Pudahue,Cerro Navia, Providencia', 0, 0, '', '-33.4220554', '-70.6011929\n', 'www.notariadiez.cl', '', '2- 2698 6833', '2- 2695 6408', 'notaria@notariadiez.cl', '', 'Lunes a Viernes 09:00 a 18:30 hrs.', 'si', 'no', '0000-00-00', '', '', 'activo'),
(3367, 3, 16, 91, '2017-02-15 20:36:31', 'Bown Ortega Héctor', 'Funcionario público autorizado para dar fe de testamentos y otros actos extrajudiciales, conforme a las leyes.', 'notarias, notario', 'Avda. Ossa Nº 150, Ñuñoa', 'Jurisdicción: Santiago, Qta Normal, E.Central, Independencia, Renca, Recoleta,Quilicura, Conchalí, Pudahue,Cerro Navia, Providencia', 0, 0, '', '-33.4520045', '-70.57105779999999\n', '', '', '2- 2266 2144 ', '2-  2752 0393', 'hector.bown@hotmail.com', '', 'Lunes a Viernes 09:00 a 18:30 hrs.', 'si', 'no', '0000-00-00', '', '', 'activo'),
(3368, 3, 16, 91, '2017-02-15 20:36:31', '46 Notaria Mesina Schulz Claudio', 'Funcionario público autorizado para dar fe de testamentos y otros actos extrajudiciales, conforme a las leyes.', 'notarias, notario', 'Vicuña Mackenna 814', 'Jurisdicción: Santiago, Qta Normal, E.Central, Independencia, Renca, Recoleta,Quilicura, Conchalí, Pudahue,Cerro Navia, Providencia', 0, 0, '', '-33.4523752', '-70.63059780000002\n', '', '', '2-2222 4771 ', '', 'cmesina@adsl.tie.cl', '', 'Lunes a Viernes 09:00 a 18:30 hrs.', 'si', 'no', '0000-00-00', '', '', 'activo'),
(3369, 3, 16, 91, '2017-02-15 20:36:31', 'Jarufe Rojas Elias', 'Funcionario público autorizado para dar fe de testamentos y otros actos extrajudiciales, conforme a las leyes.', 'notarias, notario', 'Pedro de Valdivia Nº 3317, Ñuñoa', 'Jurisdicción: Santiago, Qta Normal, E.Central, Independencia, Renca, Recoleta,Quilicura, Conchalí, Pudahue,Cerro Navia, Providencia', 0, 0, '', '-33.4528951', '-70.6048813\n', '', '', '2-2209 2339', '2-2205 2176', 'notariaejr@gmail.com', '', 'Lunes a Viernes 09:00 a 18:30 hrs.', 'si', 'no', '0000-00-00', '', '', 'activo'),
(3370, 3, 16, 72, '2017-02-15 20:36:31', 'Tamargo Barros Iván', 'Funcionario público autorizado para dar fe de testamentos y otros actos extrajudiciales, conforme a las leyes.', 'notarias, notario', 'Nueva Providencia Nº2635, Providencia', 'Jurisdicción: Santiago, Qta Normal, E.Central, Independencia, Renca, Recoleta,Quilicura, Conchalí, Pudahue,Cerro Navia, Providencia', 0, 0, '', '-33.4176866', '-70.60257539999999\n', '', '', '2-2233 3215', '2-2233 0916', 'tamargo@mi.cl', '', 'Lunes a Viernes 09:00 a 18:30 hrs.', 'si', 'no', '0000-00-00', '', '', 'activo'),
(3371, 3, 16, 79, '2017-02-15 20:36:31', 'Notario Hernán Retamal Grimberg', 'Funcionario público autorizado para dar fe de testamentos y otros actos extrajudiciales, conforme a las leyes.', 'notarias, notario', 'José Francisco Vergara 328', 'Jurisdicción: Santiago, Qta Normal, E.Central, Independencia, Renca, Recoleta,Quilicura, Conchalí, Pudahue,Cerro Navia, Providencia', 0, 0, '', '', '', 'www.notariaretamal.cl', '', '233406140', '', 'contacto@notariaretamal.cl', '', 'Lun-Vie: 8:30 a 17:00 hrs. <br> Sáb: 9:30 a 11:30 hrs. <br> Horario de Emergencia: 8:30 a 15:00 hrs. horario continuado.\r\n', 'no', 'no', '0000-00-00', '', '', 'activo'),
(3372, 3, 16, 75, '2017-02-15 20:36:31', 'Figueroa Carvajal Mónica ', 'Funcionario público autorizado para dar fe de testamentos y otros actos extrajudiciales, conforme a las leyes.', 'notarias, notario', 'Avenida Dorsal Nº 1763, Conchalí', 'Jurisdicción: Santiago, Qta Normal, E.Central, Independencia, Renca, Recoleta,Quilicura, Conchalí, Pudahue,Cerro Navia, Providencia', 0, 0, '', '-33.3973978', '-70.6688656\n', '', '', '2-2736 5464', '2-2736 3770 ', 'notariamfc@gmail.com', '', 'Lunes a Viernes 09:00 a 18:30 hrs.', 'si', 'no', '0000-00-00', '', '', 'activo'),
(3373, 3, 16, 91, '2017-02-15 20:36:31', 'Del Real Armas Eugenio', 'Funcionario público autorizado para dar fe de testamentos y otros actos extrajudiciales, conforme a las leyes.', 'notarias, notario', 'Irarrázabal 1745, Ñuñoa', 'Jurisdicción: Santiago, Qta Normal, E.Central, Independencia, Renca, Recoleta,Quilicura, Conchalí, Pudahue,Cerro Navia, Providencia', 0, 0, '', '-33.4534659', '-70.6128514\n', '', '', '2-2985 8467', '', 'notariadelreal@hotmail.com', '', 'Lunes a Viernes 09:00 a 18:30 hrs.', 'si', 'no', '0000-00-00', '', '', 'activo');
INSERT INTO `tbl_publico_aviso` (`id_publico_aviso`, `id_usuario`, `id_publico_cate_sub`, `id_ciudad`, `fecha_crea`, `titulo_aviso`, `descripcion_aviso`, `tags_aviso`, `direccion_aviso`, `descripcion_corta`, `precio_aviso`, `precio_aviso_2`, `google_maps`, `latitud`, `longitud`, `sitio_web_aviso`, `video_aviso`, `fono_aviso`, `celu_aviso`, `email1_aviso`, `email2_aviso`, `horario_atencion`, `geoposicion`, `destacado_aviso`, `fecha_destacado`, `twitter`, `facebook`, `st_publico_aviso`) VALUES
(3374, 3, 16, 72, '2017-02-15 20:36:31', 'Valenzuela Riveros Camilo', 'Funcionario público autorizado para dar fe de testamentos y otros actos extrajudiciales, conforme a las leyes.', 'notarias, notario', 'Av. Providencia Nº 1777, Providencia', 'Jurisdicción: Santiago, Qta Normal, E.Central, Independencia, Renca, Recoleta,Quilicura, Conchalí, Pudahue,Cerro Navia, Providencia', 0, 0, '', '-33.4255507', '-70.61462419999999\n', 'www.notariacamilovalenzuela.cl', '', '2-2235 5616', '', 'notariacv@notariacamilovalenzuela.cl', '', 'Lunes a Viernes 09:00 a 18:30 hrs.', 'si', 'no', '0000-00-00', '', '', 'activo'),
(3375, 3, 16, 72, '2017-02-15 20:36:31', 'Celis Urrutia Luis Fernando', 'Funcionario público autorizado para dar fe de testamentos y otros actos extrajudiciales, conforme a las leyes.', 'notarias, notario', 'Luis Thayer Ojeda  Nº  045, Providencia', 'Jurisdicción: Santiago, Qta Normal, E.Central, Independencia, Renca, Recoleta,Quilicura, Conchalí, Pudahue,Cerro Navia, Providencia', 0, 0, '', '-33.4182498', '-70.60297349999999\n', 'www.notariacelis.cl', '', '2-2692 3000', '', 'notariocelis@yahoo.es', '', 'Lunes a Viernes 09:00 a 18:30 hrs.', 'si', 'no', '0000-00-00', '', '', 'activo'),
(3376, 3, 16, 81, '2017-02-15 20:36:31', 'Baeza Gutiérrez Eulogio', 'Funcionario público autorizado para dar fe de testamentos y otros actos extrajudiciales, conforme a las leyes.', 'notarias, notario', 'Mapocho Nº 4167, Quinta Normal', 'Jurisdicción: Santiago, Qta Normal, E.Central, Independencia, Renca, Recoleta,Quilicura, Conchalí, Pudahue,Cerro Navia, Providencia', 0, 0, '', '-33.4316878', '-70.6916974\n', 'www.notariabaeza.cl', '', '2-2773 4706 ', '2-2774 8260', 'info@notariabaeza.cl', '', 'Lunes a Viernes 09:00 a 18:30 hrs.', 'si', 'no', '0000-00-00', '', '', 'activo'),
(3377, 3, 16, 77, '2017-02-15 20:36:31', 'Mosquera Gallegos Roberto', 'Funcionario público autorizado para dar fe de testamentos y otros actos extrajudiciales, conforme a las leyes.', 'notarias, notario', 'Panameric. Norte Nº 1110,Of.12, Renca', 'Jurisdicción: Santiago, Qta Normal, E.Central, Independencia, Renca, Recoleta,Quilicura, Conchalí, Pudahue,Cerro Navia, Providencia', 0, 0, '', '-33.3814524', '-70.6711186\n', '', '', '2-2641 9931', '', 'notariamosquera@gmail.com', '', 'Lunes a Viernes 09:00 a 18:30 hrs.', 'si', 'no', '0000-00-00', '', '', 'activo'),
(3378, 3, 16, 325, '2017-02-15 20:36:31', 'Juan Iturriafa Osses ( Interino)', 'Funcionario público autorizado para dar fe de testamentos y otros actos extrajudiciales, conforme a las leyes.', 'notarias, notario', 'San Pablo Nº 6070, Lo Prado (ex Pudahuel)', 'Jurisdicción: Santiago, Qta Normal, E.Central, Independencia, Renca, Recoleta,Quilicura, Conchalí, Pudahue,Cerro Navia, Providencia', 0, 0, '', '-33.4441378', '-70.7212404\n', '', '', '2-2775 3969', '', 'documentos@notariojio.cl', '', 'Lunes a Viernes 09:00 a 18:30 hrs.', 'si', 'no', '0000-00-00', '', '', 'activo'),
(3379, 3, 16, 71, '2017-02-15 20:36:31', 'Hurtado Morales Gonzalo', 'Funcionario público autorizado para dar fe de testamentos y otros actos extrajudiciales, conforme a las leyes.', 'notarias, notario', 'Apoquindo Nº 4943, Las Condes', 'Jurisdicción: Santiago, Qta Normal, E.Central, Independencia, Renca, Recoleta,Quilicura, Conchalí, Pudahue,Cerro Navia, Providencia', 0, 0, '', '-33.412007', '-70.57716809999999\n', '', '', '2-2355 2400', '', 'notaria@notarialascondes.cl', '', 'Lunes a Viernes 09:00 a 18:30 hrs.', 'si', 'no', '0000-00-00', '', '', 'activo'),
(3380, 3, 16, 323, '2017-02-15 20:36:31', 'Facuse Heresi Juan', 'Funcionario público autorizado para dar fe de testamentos y otros actos extrajudiciales, conforme a las leyes.', 'notarias, notario', 'Gregorio de la Fuente Nº 3143, Macul', 'Jurisdicción: Santiago, Qta Normal, E.Central, Independencia, Renca, Recoleta,Quilicura, Conchalí, Pudahue,Cerro Navia, Providencia', 0, 0, '', '-33.4782628', '-70.6000008\n', '', '', '2-2347 8900', '', 'ifacuse@entelchile.net', '', 'Lunes a Viernes 09:00 a 18:30 hrs.', 'si', 'no', '0000-00-00', '', '', 'activo'),
(3381, 3, 16, 322, '2017-02-15 20:36:31', 'Parra Ahumada Pedro', 'Funcionario público autorizado para dar fe de testamentos y otros actos extrajudiciales, conforme a las leyes.', 'notarias, notario', 'Av. Grecia Nº 5616 Piso 2º, Peñalolén', 'Jurisdicción: Santiago, Qta Normal, E.Central, Independencia, Renca, Recoleta,Quilicura, Conchalí, Pudahue,Cerro Navia, Providencia', 0, 0, '', '-33.4696935', '-70.5724386\n', '', '', '2-2279 1143', '2- 2272 4550', 'notpenalolen@gmail.com', '', 'Lunes a Viernes 09:00 a 18:30 hrs.', 'si', 'no', '0000-00-00', '', '', 'activo'),
(3382, 3, 16, 94, '2017-02-15 20:36:31', 'Cammas Montes Manuel', 'Funcionario público autorizado para dar fe de testamentos y otros actos extrajudiciales, conforme a las leyes.', 'notarias, notario', 'Monumento Nº 2079, Maipú', 'Jurisdicción: Santiago, Qta Normal, E.Central, Independencia, Renca, Recoleta,Quilicura, Conchalí, Pudahue,Cerro Navia, Providencia', 0, 0, '', '-33.5082736', '-70.7587444\n', '', '', '2-2532 4424', '2-2532 4432', 'cammas@ctcinternet.cl', '', 'Lunes a Viernes 09:00 a 18:30 hrs.', 'si', 'no', '0000-00-00', '', '', 'activo'),
(3383, 3, 16, 332, '2017-02-15 20:36:31', 'Ulloa Contreras Armando', 'Funcionario público autorizado para dar fe de testamentos y otros actos extrajudiciales, conforme a las leyes.', 'notarias, notario', 'La Dehesa Nº 1450 Loc. 15-A2, Lo Barnechea', 'Jurisdicción: Santiago, Qta Normal, E.Central, Independencia, Renca, Recoleta,Quilicura, Conchalí, Pudahue,Cerro Navia, Providencia', 0, 0, '', '-33.3588922', '-70.5173406\n', '', '', '2-2955 2536 ', '2-2955 2537', 'notarialb@manquehue.net', '', 'Lunes a Viernes 09:00 a 18:30 hrs.', 'si', 'no', '0000-00-00', '', '', 'activo'),
(3384, 3, 16, 331, '2017-02-15 20:36:31', 'Notaria Luis Poza Maldonado', 'Funcionario público autorizado para dar fe de testamentos y otros actos extrajudiciales, conforme a las leyes.', 'notarias, notario', 'Avda. Vitacura 6844', 'Jurisdicción: Santiago, Qta Normal, E.Central, Independencia, Renca, Recoleta,Quilicura, Conchalí, Pudahue,Cerro Navia, Providencia', 0, 0, '', '-33.3883293', '-70.56818009999999\n', '', '', '2-2219 0439', '', 'escrituras@notariavitacura.cl', '', 'Lunes a Viernes 09:00 a 18:30 hrs.', 'si', 'no', '0000-00-00', '', '', 'activo'),
(3385, 3, 16, 93, '2017-02-15 20:36:31', 'Silva Letelier Dora', 'Funcionario público autorizado para dar fe de testamentos y otros actos extrajudiciales, conforme a las leyes.', 'notarias, notario', 'Vic.Mackenna Pte Nº 7131, La Florida', 'Jurisdicción: Santiago, Qta Normal, E.Central, Independencia, Renca, Recoleta,Quilicura, Conchalí, Pudahue,Cerro Navia, Providencia', 0, 0, '', '-33.5202639', '-70.60262639999999\n', '', '', '2-2293 7003', '2-2294 1823', 'notarialaflorida@gmail.com', '', 'Lunes a Viernes 09:00 a 18:30 hrs.', 'si', 'no', '0000-00-00', '', '', 'activo'),
(3386, 3, 16, 93, '2017-02-15 20:36:31', 'Bernales Larraín Jaime ', 'Funcionario público autorizado para dar fe de testamentos y otros actos extrajudiciales, conforme a las leyes.', 'notarias, notario', 'Vic. Mackenna Oriente Nº 7163, La Florida', 'Jurisdicción: Santiago, Qta Normal, E.Central, Independencia, Renca, Recoleta,Quilicura, Conchalí, Pudahue,Cerro Navia, Providencia', 0, 0, '', '-33.5191618', '-70.60036289999999\n', 'www.notariajaimebernales.cl', '', '2-2283 9456', '', 'jaimebernales@gmail.com', '', 'Lunes a Viernes 09:00 a 18:30 hrs.', 'si', 'no', '0000-00-00', '', '', 'activo'),
(3387, 3, 16, 92, '2017-02-15 20:36:31', 'Jara Catalán Sergio', 'Funcionario público autorizado para dar fe de testamentos y otros actos extrajudiciales, conforme a las leyes.', 'notarias, notario', 'Príncipe de Gales Nº 5786, La Reina', 'Jurisdicción: Santiago, Qta Normal, E.Central, Independencia, Renca, Recoleta,Quilicura, Conchalí, Pudahue,Cerro Navia, Providencia', 0, 0, '', '-33.4378345', '-70.5730459\n', '', '', '2-2227 9623', '2-2277 4165', 'sjara@notarialareina.cl', '', 'Lunes a Viernes 09:00 a 18:30 hrs.', 'si', 'no', '0000-00-00', '', '', 'activo'),
(3388, 3, 16, 333, '2017-02-15 20:36:31', 'Santelices Gamboa René Antonio', 'Funcionario público autorizado para dar fe de testamentos y otros actos extrajudiciales, conforme a las leyes.', 'notarias, notario', 'Av. P.A. Cerda Nº 6087-A Piso 2º, Cerrillos', 'Jurisdicción: Santiago, Qta Normal, E.Central, Independencia, Renca, Recoleta,Quilicura, Conchalí, Pudahue,Cerro Navia, Providencia', 0, 0, '', '-33.4939217', '-70.7053284\n', '', '', '2-2323 1209', '2-2323 1316', 'mesondenotariacerrillos@gmail.com', '', 'Lunes a Viernes 09:00 a 18:30 hrs.', 'si', 'no', '0000-00-00', '', '', 'activo'),
(3389, 3, 16, 334, '2017-02-15 20:36:31', 'Bertolino Randic Mauricio', 'Funcionario público autorizado para dar fe de testamentos y otros actos extrajudiciales, conforme a las leyes.', 'notarias, notario', 'Av. A.Vespucio N° 1737 local BP 164, Huechuraba', 'Jurisdicción: Santiago, Qta Normal, E.Central, Independencia, Renca, Recoleta,Quilicura, Conchalí, Pudahue,Cerro Navia, Providencia', 0, 0, '', '-33.3662202', '-70.6785295\n', 'www.notariabertolino.cl', '', '2-2586 0475', '', 'contacto@notariabertolino.cl', '', 'Lunes a Viernes 09:00 a 18:30 hrs.', 'si', 'no', '0000-00-00', '', '', 'activo'),
(3390, 3, 16, 76, '2017-02-15 20:36:31', 'Notaria María Isabel Zagal Cisternas', 'Funcionario público autorizado para dar fe de testamentos y otros actos extrajudiciales, conforme a las leyes.', 'notarias, notario', 'Chacabuco 166', 'Jurisdicción: Colina, Lampa, Tiltil', 0, 0, '', '-33.2017248', '-70.6755876\n', '', '', '2-2844 3827 ', '228445683', 'notariacolina@gmail.com', '', 'Lunes a Viernes 09:00 a 16:00 hrs.  <br>Horario de Emergencia de 09:00 a 14:00 hrs.', 'si', 'no', '0000-00-00', '', '', 'activo'),
(3391, 3, 16, 78, '2017-02-15 20:36:31', 'Ortiz Carmona Gloria', 'Funcionario público autorizado para dar fe de testamentos y otros actos extrajudiciales, conforme a las leyes.', 'notarias, notario', 'Baquedano Nº 853-A locales 2 y 3, Lampa', 'Jurisdicción: Colina, Lampa, Tiltil', 0, 0, '', '-33.2844979', '-70.87812269999999\n', 'www.notariaortiz.cl', '', '2-2842 3597 ', '2-2842 2872', 'contacto@notariaortiz.cl', '', 'Lunes a Viernes 09:00 a 18:30 hrs.', 'si', 'no', '0000-00-00', '', '', 'activo'),
(3392, 3, 16, 95, '2017-02-15 20:36:31', 'Jaime Contreras Miranda ( Interino)', 'Funcionario público autorizado para dar fe de testamentos y otros actos extrajudiciales, conforme a las leyes.', 'notarias, notario', 'Gran Avenida Nº 2584, San Miguel', 'Jurisdicción: San Miguel, San Joaquín , Pedro Aguirre Cerda, La Cisterna, El Bosque, La Granja, San Ramón, La Pintana , Lo Espejo', 0, 0, '', '-33.4784407', '-70.6480411\n', '', '', '2-2551 8416', '2-2556 2702', 'notariaapoza@gmail.com', '', 'Lunes a Viernes 09:00 a 18:30 hrs.', 'si', 'no', '0000-00-00', '', '', 'activo'),
(3393, 3, 16, 95, '2017-02-15 20:36:31', 'Varas Fernández Francisco', 'Funcionario público autorizado para dar fe de testamentos y otros actos extrajudiciales, conforme a las leyes.', 'notarias, notario', 'Gran Avenida Nº 4886, San Miguel', 'Jurisdicción: San Miguel, San Joaquín , Pedro Aguirre Cerda, La Cisterna, El Bosque, La Granja, San Ramón, La Pintana , Lo Espejo', 0, 0, '', '-33.4986257', '-70.6533345\n', 'www.notariafranciscovaras.cl', '', '2-2312 0475', '', 'info@notariafranciscovaras.cl', '', 'Lunes a Viernes 09:00 a 18:30 hrs.', 'si', 'no', '0000-00-00', '', '', 'activo'),
(3394, 3, 16, 95, '2017-02-15 20:36:31', 'Silva Quiroga Justino', 'Funcionario público autorizado para dar fe de testamentos y otros actos extrajudiciales, conforme a las leyes.', 'notarias, notario', 'Gran Avenida Nº 4410,  San Miguel', 'Jurisdicción: San Miguel, San Joaquín , Pedro Aguirre Cerda, La Cisterna, El Bosque, La Granja, San Ramón, La Pintana , Lo Espejo', 0, 0, '', '-33.4943929', '-70.6522648\n', '', '', '2-2555 9806', '2-2551 5422', 'notariasanmiguel4410@vtr.net', '', 'Lunes a Viernes 09:00 a 18:30 hrs.', 'si', 'no', '0000-00-00', '', '', 'activo'),
(3395, 3, 16, 95, '2017-02-15 20:36:31', 'Manríquez Huerta Patricia (Interino)', 'Funcionario público autorizado para dar fe de testamentos y otros actos extrajudiciales, conforme a las leyes.', 'notarias, notario', 'María Auxiliadora 1077, San Miguel', 'Jurisdicción: San Miguel, San Joaquín , Pedro Aguirre Cerda, La Cisterna, El Bosque, La Granja, San Ramón, La Pintana , Lo Espejo', 0, 0, '', '-33.4877655', '-70.649928\n', '', '', '2-2551 8383', '2-2555 1380', 'contacto@notariapatriciamanriquez.cl', '', 'Lunes a Viernes 09:00 a 18:30 hrs.', 'si', 'no', '0000-00-00', '', '', 'activo'),
(3396, 3, 16, 95, '2017-02-15 20:36:31', 'Gutiérrez López Octavio', 'Funcionario público autorizado para dar fe de testamentos y otros actos extrajudiciales, conforme a las leyes.', 'notarias, notario', 'Gran Avenida Nº 5382, San Miguel', 'Jurisdicción: San Miguel, San Joaquín , Pedro Aguirre Cerda, La Cisterna, El Bosque, La Granja, San Ramón, La Pintana , Lo Espejo', 0, 0, '', '-33.5027903', '-70.65463699999999\n', '', '', '2-2522 5129', '2-2885 4484', 'notaria@notariagutierrez.cl', '', 'Lunes a Viernes 09:00 a 18:30 hrs.', 'si', 'no', '0000-00-00', '', '', 'activo'),
(3397, 3, 16, 95, '2017-02-15 20:36:31', 'Harambillet Melero Gonzalo', 'Funcionario público autorizado para dar fe de testamentos y otros actos extrajudiciales, conforme a las leyes.', 'notarias, notario', 'Gran Avenida  Nº 4364, San Miguel', 'Jurisdicción: San Miguel, San Joaquín , Pedro Aguirre Cerda, La Cisterna, El Bosque, La Granja, San Ramón, La Pintana , Lo Espejo', 0, 0, '', '-33.4940349', '-70.65216029999999\n', '', '', '2-2984 7523', '', 'notariagharambillet@gmail.com', '', 'Lunes a Viernes 09:00 a 18:30 hrs.', 'si', 'no', '0000-00-00', '', '', 'activo'),
(3398, 3, 16, 95, '2017-02-15 20:36:31', 'Donoso Gomien Maria Patricia', 'Funcionario público autorizado para dar fe de testamentos y otros actos extrajudiciales, conforme a las leyes.', 'notarias, notario', 'Gran Avenida Nº 2536  Pard.1, San Miguel', 'Jurisdicción: San Miguel, San Joaquín , Pedro Aguirre Cerda, La Cisterna, El Bosque, La Granja, San Ramón, La Pintana , Lo Espejo', 0, 0, '', '-33.4779247', '-70.6480528\n', 'www.notariadonoso.cl', '', '2-2544 2786', '2-2554 6056', 'notaria@notariadonoso.cl', '', 'Lunes a Viernes 09:00 a 18:30 hrs.', 'si', 'no', '0000-00-00', '', '', 'activo'),
(3399, 3, 16, 95, '2017-02-15 20:36:31', 'Quintallina León Lorana Elisa', 'Funcionario público autorizado para dar fe de testamentos y otros actos extrajudiciales, conforme a las leyes.', 'notarias, notario', 'Gran Avenida Nº 2836-A, San Miguel', 'Jurisdicción: San Miguel, San Joaquín , Pedro Aguirre Cerda, La Cisterna, El Bosque, La Granja, San Ramón, La Pintana , Lo Espejo', 0, 0, '', '-33.4807249', '-70.64838270000001\n', 'www.notariaquintanilla.cl', '', '2-2723 1136', '', 'notariaquintanilla@gmail.com', '', 'Lunes a Viernes 09:00 a 18:30 hrs.', 'si', 'no', '0000-00-00', '', '', 'activo'),
(3400, 3, 16, 95, '2017-02-15 20:36:31', 'Parra Ulloa Alfredo', 'Funcionario público autorizado para dar fe de testamentos y otros actos extrajudiciales, conforme a las leyes.', 'notarias, notario', 'Juan Sebastián Bach Nº 41, San Miguel', 'Jurisdicción: San Miguel, San Joaquín , Pedro Aguirre Cerda, La Cisterna, El Bosque, La Granja, San Ramón, La Pintana , Lo Espejo', 0, 0, '', '-33.4789095', '-70.6225072\n', '', '', '2-2552 9052', '', 'contacto@notariaparra.cl', '', 'Lunes a Viernes 09:00 a 18:30 hrs.', 'si', 'no', '0000-00-00', '', '', 'activo'),
(3401, 3, 16, 338, '2017-02-15 20:36:31', 'Muñoz Iglesias Esmeralda', 'Funcionario público autorizado para dar fe de testamentos y otros actos extrajudiciales, conforme a las leyes.', 'notarias, notario', 'Gran Avenida Nº 12.536, El Bosque', 'Jurisdicción: San Miguel, San Joaquín , Pedro Aguirre Cerda, La Cisterna, El Bosque, La Granja, San Ramón, La Pintana , Lo Espejo', 0, 0, '', '-33.5698067999999', '-70.68736939999999\n', 'www.notariaesmeraldamunoz.cl', '', '2-2780 2620', '', 'notariaelbosque@gmail.com', '', 'Lunes a Viernes 09:00 a 18:30 hrs.', 'si', 'no', '0000-00-00', '', '', 'activo'),
(3402, 3, 16, 337, '2017-02-15 20:36:31', 'Godoy Moersch Gonzalo (Interino)', 'Funcionario público autorizado para dar fe de testamentos y otros actos extrajudiciales, conforme a las leyes.', 'notarias, notario', 'Av. Central N°8115, Lo Espejo', 'Jurisdicción: San Miguel, San Joaquín , Pedro Aguirre Cerda, La Cisterna, El Bosque, La Granja, San Ramón, La Pintana , Lo Espejo', 0, 0, '', '-33.5227828', '-70.6978585\n', '', '', '2-2564 3414', '', 'rseuplveda@notariamirandaosses.cl', '', 'Lunes a Viernes 09:00 a 18:30 hrs.', 'si', 'no', '0000-00-00', '', '', 'activo'),
(3403, 3, 16, 335, '2017-02-15 20:36:31', 'Rodriguez Uribe Sergio', 'Funcionario público autorizado para dar fe de testamentos y otros actos extrajudiciales, conforme a las leyes.', 'notarias, notario', 'Vicuña Mackenna Nº 3125, San Joaquín', 'Jurisdicción: San Miguel, San Joaquín , Pedro Aguirre Cerda, La Cisterna, El Bosque, La Granja, San Ramón, La Pintana , Lo Espejo', 0, 0, '', '-33.4801528', '-70.62183659999999\n', 'www.sergiorodriguez.cl', '', '2-2553 3522 ', '2-2552 2416', 'notariassanjoaquin@hotmail.com', '', 'Lunes a Viernes 09:00 a 18:30 hrs.', 'si', 'no', '0000-00-00', '', '', 'activo'),
(3404, 3, 16, 326, '2017-02-15 20:36:31', 'Rieutord Alvaro Andrés', 'Funcionario público autorizado para dar fe de testamentos y otros actos extrajudiciales, conforme a las leyes.', 'notarias, notario', 'Av. Sta.Rosa Nº7955, San Ramón', 'Jurisdicción: San Miguel, San Joaquín , Pedro Aguirre Cerda, La Cisterna, El Bosque, La Granja, San Ramón, La Pintana , Lo Espejo', 0, 0, '', '-33.5323611', '-70.63506459999999\n', '', '', '2-2511 4689', '', 'contacto@notariarieutord.cl', '', 'Lunes a Viernes 09:00 a 18:30 hrs.', 'si', 'no', '0000-00-00', '', '', 'activo'),
(3405, 3, 16, 97, '2017-02-15 20:36:31', 'Villaseñor Pavez Verónica', 'Funcionario público autorizado para dar fe de testamentos y otros actos extrajudiciales, conforme a las leyes.', 'notarias, notario', 'Santa Rosa Nº 7980-C, La Granja', 'Jurisdicción: San Miguel, San Joaquín , Pedro Aguirre Cerda, La Cisterna, El Bosque, La Granja, San Ramón, La Pintana , Lo Espejo', 0, 0, '', '-33.5327246', '-70.6346932\n', '', '', '2-2525 4645', '', 'notarialagranja@outlook.com', '', 'Lunes a Viernes 09:00 a 18:30 hrs.', 'si', 'no', '0000-00-00', '', '', 'activo'),
(3406, 3, 16, 97, '2017-02-15 20:36:31', 'Roco Campos Eduardo', 'Funcionario público autorizado para dar fe de testamentos y otros actos extrajudiciales, conforme a las leyes.', 'notarias, notario', 'Av. Sta. Rosa Nº 8850 -C 2º Piso, La Granja', 'Jurisdicción: San Miguel, San Joaquín , Pedro Aguirre Cerda, La Cisterna, El Bosque, La Granja, San Ramón, La Pintana , Lo Espejo', 0, 0, '', '-33.5414804', '-70.634056\n', '', '', '2-2945 2947', '', 'notariaroco@gmail.com', '', 'Lunes a Viernes 09:00 a 18:30 hrs.', 'si', 'no', '0000-00-00', '', '', 'activo'),
(3407, 3, 16, 96, '2017-02-15 20:36:31', 'Vásquez Cordero Martin', 'Funcionario público autorizado para dar fe de testamentos y otros actos extrajudiciales, conforme a las leyes.', 'notarias, notario', 'Gran Avenida Nº 8685, P. 24, La Cisterna', 'Jurisdicción: San Miguel, San Joaquín , Pedro Aguirre Cerda, La Cisterna, El Bosque, La Granja, San Ramón, La Pintana , Lo Espejo', 0, 0, '', '-33.5355601', '-70.6640843\n', '', '', '2-2785 2246', '', 'notariavasquez@vtr.net', '', 'Lunes a Viernes 09:00 a 18:30 hrs.', 'si', 'no', '0000-00-00', '', '', 'activo'),
(3408, 3, 16, 96, '2017-02-15 20:36:31', 'Ossa Cuevas Jorge ', 'Funcionario público autorizado para dar fe de testamentos y otros actos extrajudiciales, conforme a las leyes.', 'notarias, notario', 'Gran Avenida Nº 7710, P.20, La Cisterna', 'Jurisdicción: San Miguel, San Joaquín , Pedro Aguirre Cerda, La Cisterna, El Bosque, La Granja, San Ramón, La Pintana , Lo Espejo', 0, 0, '', '-33.5253307', '-70.6609394\n', '', '', '2-2558 2861', '2-2548 2283', 'jorgeossa@notariaossa.cl', '', 'Lunes a Viernes 09:00 a 18:30 hrs.', 'si', 'no', '0000-00-00', '', '', 'activo'),
(3409, 3, 16, 96, '2017-02-15 20:36:31', 'Gárate Romero Ana María ( Interino)', 'Funcionario público autorizado para dar fe de testamentos y otros actos extrajudiciales, conforme a las leyes.', 'notarias, notario', 'Gran Avenida Nº 6247, La Cisterna', 'Jurisdicción: San Miguel, San Joaquín , Pedro Aguirre Cerda, La Cisterna, El Bosque, La Granja, San Ramón, La Pintana , Lo Espejo', 0, 0, '', '-33.5130019', '-70.6577806\n', '', '', '2-2312 9392', '2-2312 9387', 'notariaretamal@gmail.com', '', 'Lunes a Viernes 09:00 a 18:30 hrs.', 'si', 'no', '0000-00-00', '', '', 'activo'),
(3410, 3, 16, 96, '2017-02-15 20:36:31', 'Cifuentes Allel Roberto Antonio', 'Funcionario público autorizado para dar fe de testamentos y otros actos extrajudiciales, conforme a las leyes.', 'notarias, notario', 'Gran Avenida N° 8877,  La Cisterna', 'Jurisdicción: San Miguel, San Joaquín , Pedro Aguirre Cerda, La Cisterna, El Bosque, La Granja, San Ramón, La Pintana , Lo Espejo', 0, 0, '', '-33.5382204', '-70.66483339999999\n', '', '', '2-2527 2613', '', 'escrituras.notariacifuentes@gmail.com', '', 'Lunes a Viernes 09:00 a 18:30 hrs.', 'si', 'no', '0000-00-00', '', '', 'activo'),
(3411, 3, 16, 96, '2017-02-15 20:36:31', 'Gómez Lucares Claudia', 'Funcionario público autorizado para dar fe de testamentos y otros actos extrajudiciales, conforme a las leyes.', 'notarias, notario', 'Gran Avenida Nº 7972, La Cisterna ', 'Jurisdicción: San Miguel, San Joaquín , Pedro Aguirre Cerda, La Cisterna, El Bosque, La Granja, San Ramón, La Pintana , Lo Espejo', 0, 0, '', '-33.5267003', '-70.6615834\n', '', '', '2-2548 4913', '', 'notariaclaudiagomez@gmail.com', '', 'Lunes a Viernes 09:00 a 18:30 hrs.', 'si', 'no', '0000-00-00', '', '', 'activo'),
(3412, 3, 16, 96, '2017-02-15 20:36:31', 'Arancibia Calderón Armando', 'Funcionario público autorizado para dar fe de testamentos y otros actos extrajudiciales, conforme a las leyes.', 'notarias, notario', 'Gran Avenida Nº 6988, La Cisterna', 'Jurisdicción: San Miguel, San Joaquín , Pedro Aguirre Cerda, La Cisterna, El Bosque, La Granja, San Ramón, La Pintana , Lo Espejo', 0, 0, '', '-33.5218245', '-70.6599726\n', '', '', '2-2784 4770', '2-2784 4773', 'notarialacisterna@gmail.com', '', 'Lunes a Viernes 09:00 a 18:30 hrs.', 'si', 'no', '0000-00-00', '', '', 'activo'),
(3413, 3, 16, 100, '2017-02-15 20:36:31', 'Camus Mesa Eugenio', 'Funcionario público autorizado para dar fe de testamentos y otros actos extrajudiciales, conforme a las leyes.', 'notarias, notario', 'Balmaceda Nº 403, Puente Alto', 'Jurisdicción: Puente Alto, Pirque, San José de Maipo', 0, 0, '', '-33.6078173', '-70.5753299\n', '', '', '2-2850 0549', '', 'notariacamus@gmail.com', '', 'Lunes a Viernes 09:00 a 18:30 hrs.', 'si', 'no', '0000-00-00', '', '', 'activo'),
(3414, 3, 16, 100, '2017-02-15 20:36:31', 'Llano Díaz Mabel', 'Funcionario público autorizado para dar fe de testamentos y otros actos extrajudiciales, conforme a las leyes.', 'notarias, notario', 'José Luis Coo 0187', 'Jurisdicción: Puente Alto, Pirque, San José de Maipo', 0, 0, '', '-33.6089011', '-70.5735317\n', 'www.notariallano.cl', '', '2-2850 0795', '', 'informaciones@notariallano.cl', '', 'Lunes a Viernes de \r\n9:00 a 19:00 hrs. (Horario continuado). <br>\r\nHorario de Turnos 9:00 a 14:00 hrs.', 'si', 'no', '0000-00-00', '', '', 'activo'),
(3415, 3, 16, 100, '2017-02-15 20:36:31', 'Rehbien Ohaco Jorge ', 'Funcionario público autorizado para dar fe de testamentos y otros actos extrajudiciales, conforme a las leyes.', 'notarias, notario', 'Balmaceda Nº 279, Puente Alto', 'Jurisdicción: Puente Alto, Pirque, San José de Maipo', 0, 0, '', '-33.6093428', '-70.5749575\n', '', '', '2-2850 3211', '', 'notariarehbien@terra.cl', '', 'Lunes a Viernes 09:00 a 18:30 hrs.', 'si', 'no', '0000-00-00', '', '', 'activo'),
(3416, 3, 16, 100, '2017-02-15 20:36:31', 'Notaria Andrés Vega Alvarado ', 'Funcionario público autorizado para dar fe de testamentos y otros actos extrajudiciales, conforme a las leyes.', 'notarias, notario', 'Balmaceda 371, local 113', 'Jurisdicción: Puente Alto, Pirque, San José de Maipo', 0, 0, '', '-33.6093771', '-70.5671706\n', 'www.notariavega.cl ', '', '2-2850 7837', '', 'info@notariavega.cl', '', 'Lunes a Viernes 08:30 a 14:30 hrs.', 'si', 'no', '0000-00-00', '', '', 'activo'),
(3417, 3, 16, 101, '2017-02-15 20:36:31', '5ta Notaria Gloria Jácome Sepúlveda', 'Funcionario público autorizado para dar fe de testamentos y otros actos extrajudiciales, conforme a las leyes.', 'notarias, notario', 'Camino el Llano 10, Local 13 y 14', 'Jurisdicción: Puente Alto, Pirque, San José de Maipo', 0, 0, '', '-33.6526155', '-70.5709626\n', '', '', '2-2849 5893', '92 0368087', 'meson.notariajacome@gmail.com', '', 'Lunes a Viernes 09:00 a 16:30 hrs.', 'si', 'no', '0000-00-00', '', '', 'activo'),
(3418, 3, 16, 98, '2017-02-15 20:36:31', 'Jacques Parraguez Lylian', 'Funcionario público autorizado para dar fe de testamentos y otros actos extrajudiciales, conforme a las leyes.', 'notarias, notario', 'Victoria Nº 416, San Bernardo', 'Jurisdicción: San Bernando, Calera de Tango', 0, 0, '', '-33.5921737', '-70.70226719999999\n', '', '', '22 8592442 ', '', 'notariajacques@gmail.com', '', 'Lunes a Viernes 9:00 a 14:00 hrs.', 'si', 'no', '0000-00-00', '', '', 'activo'),
(3419, 3, 16, 98, '2017-02-15 20:36:31', 'Ruiz Bahamondes Carlos', 'Funcionario público autorizado para dar fe de testamentos y otros actos extrajudiciales, conforme a las leyes.', 'notarias, notario', 'Arturo Prat 393', 'Jurisdicción: San Bernando, Calera de Tango', 0, 0, '', '-33.5939845', '-70.7044131\n', '', '', '22 5273192', '', 'notariocarlosruiz@gmail.com ', '', 'Lunes a Viernes 09:00 a 18:30 hrs.', 'si', 'no', '0000-00-00', '', '', 'activo'),
(3420, 3, 16, 103, '2017-02-15 20:36:31', 'Escobar Diaz Myriam', 'Funcionario público autorizado para dar fe de testamentos y otros actos extrajudiciales, conforme a las leyes.', 'notarias, notario', 'Balmaceda Nº 316, Buin', 'Jurisdicción: Buín, Paine', 0, 0, '', '-33.732844', '-70.74046860000001\n', '', '', '2-2821 1605', '2-2821 3543', 'notariaescobarbuin@gmail.com', '', 'Lunes a Viernes 09:00 a 18:30 hrs.', 'si', 'no', '0000-00-00', '', '', 'activo'),
(3421, 3, 16, 103, '2017-02-15 20:36:31', 'Alvarez Lorca Pedro Hernán ', 'Funcionario público autorizado para dar fe de testamentos y otros actos extrajudiciales, conforme a las leyes.', 'notarias, notario', 'Balmaceda Nº 273 Lc. 107, Buín', 'Jurisdicción: Buín, Paine', 0, 0, '', '-33.7327626', '-70.7396847\n', '', '', '2-2821 6492', '', 'notariaalvarez@gmail.com', '', 'Lunes a Viernes 09:00 a 18:30 hrs.', 'si', 'no', '0000-00-00', '', '', 'activo'),
(3422, 3, 16, 104, '2017-02-15 20:36:31', 'Valencia Gumucio Absalón', 'Funcionario público autorizado para dar fe de testamentos y otros actos extrajudiciales, conforme a las leyes.', 'notarias, notario', 'La Concepción Nº 307, Paine', 'Jurisdicción: Buín castro en Paine', 0, 0, '', '-33.8089035', '-70.7378341\n', '', '', '2-2824 9610', '', 'notariapaine@terra.cl', '', 'Lunes a Viernes 09:00 a 18:30 hrs.', 'si', 'no', '0000-00-00', '', '', 'activo'),
(3423, 3, 16, 86, '2017-02-15 20:36:31', 'Le-Bert Acheritogaray Maria Eugenia', 'Funcionario público autorizado para dar fe de testamentos y otros actos extrajudiciales, conforme a las leyes.', 'notarias, notario', '', 'Jurisdicción: Talagante, Isla de Maipo, El Monte', 0, 0, '', '-33.665406', '-70.93229959999999\n', '', '', '2-2815 1285', '', 'melebert@gmail.com', '', 'Lunes a Viernes 09:00 a 18:30 hrs.', 'si', 'no', '0000-00-00', '', '', 'activo'),
(3424, 3, 16, 85, '2017-02-15 20:36:31', 'Notaria Francisca Alvarez Hurtado', 'Funcionario público autorizado para dar fe de testamentos y otros actos extrajudiciales, conforme a las leyes.', 'notarias, notario', '18 de Septiembre 217', 'Jurisdicción: Peñaflor, Padre Hurtado', 0, 0, '', '-33.6066922', '-70.90443069999999\n', 'www.notariapenaflor.cl', '', '2-2812 0034', '2-2811 5790', 'notariapenaflor@gmail.com', '', 'Lunes a Viernes 09:00 a 18:30 hrs.', 'si', 'no', '0000-00-00', '', '', 'activo'),
(3425, 3, 16, 88, '2017-02-15 20:36:31', 'Mery Ricci Rosemarie', 'Funcionario público autorizado para dar fe de testamentos y otros actos extrajudiciales, conforme a las leyes.', 'notarias, notario', 'Serrano 264', 'Jurisdicción: Melipilla, San Pedro Alhué, Maria Pinto', 0, 0, '', '-33.6833785', '-71.2137735\n', '', '', '2-2831 1271 ', '2-2831 6275', 'cbrmelipilla@cbrmelipilla.cl', '', 'Lunes a Viernes de 8:30 a 14:00 hrs. y de 15.00 a 18.00 hrs.', 'si', 'no', '0000-00-00', '', '', 'activo'),
(3426, 3, 16, 88, '2017-02-15 20:36:31', 'Ciontreras Miranda Jaime', 'Funcionario público autorizado para dar fe de testamentos y otros actos extrajudiciales, conforme a las leyes.', 'notarias, notario', 'Serrano Nº510, Melipilla', 'Jurisdicción: Melipilla, San Pedro Alhué, Maria Pinto', 0, 0, '', '-33.6862668', '-71.21394070000001\n', '', '', '2-2832 0535', '', 'notariacontreras@hotmail.com', '', 'Lunes a Viernes 09:00 a 18:30 hrs.', 'si', 'no', '0000-00-00', '', '', 'activo'),
(3427, 3, 16, 88, '2017-02-15 20:36:31', 'Martínez Loaiza Rene', 'Funcionario público autorizado para dar fe de testamentos y otros actos extrajudiciales, conforme a las leyes.', 'notarias, notario', 'Serrano  Nº 379, Melipilla', 'Jurisdicción: Melipilla, San Pedro Alhué, Maria Pinto', 0, 0, '', '-33.6846088', '-71.21382539999999\n', '', '', '2-2831 3320', '', 'notaria.martinez@gmail.com', '', 'Lunes a Viernes 09:00 a 18:30 hrs.', 'si', 'no', '0000-00-00', '', '', 'activo'),
(3428, 3, 16, 105, '2017-02-15 20:36:31', 'De Rodt Espinosa Eduardo', 'Funcionario público autorizado para dar fe de testamentos y otros actos extrajudiciales, conforme a las leyes.', 'notarias, notario', 'San Martín Nº 427,  Rancagua', 'Jurisdicción: Rancagua, S.Fco Mostazal, Doñihue , Machalí, Olivar, Coltauco, Codegua, Coinco, Graneros', 0, 0, '', '-34.169879', '-70.7464586\n', 'www.notariaderodt.cl', '', '72-222 7597 ', '72-222 8798', 'administracion@notariaderodt.cl', '', 'Lunes a Viernes 09:00 a 18:30 hrs.', 'si', 'no', '0000-00-00', '', '', 'activo'),
(3429, 3, 16, 105, '2017-02-15 20:36:31', 'Bernales Valenzuela Jaime', 'Funcionario público autorizado para dar fe de testamentos y otros actos extrajudiciales, conforme a las leyes.', 'notarias, notario', 'Bueras Nº 359 Local 102 , Rancagua', 'Jurisdicción: Rancagua, S.Fco Mostazal, Doñihue , Machalí, Olivar, Coltauco, Codegua, Coinco, Graneros', 0, 0, '', '-34.1693206', '-70.74479149999999\n', 'www.notariabernales.cl', '', '72 - 232 1220', '', 'jbv@notariabernales.cl', '', 'Lunes a Viernes 09:00 a 18:30 hrs.', 'si', 'no', '0000-00-00', '', '', 'activo'),
(3430, 3, 16, 105, '2017-02-15 20:36:31', 'Montoya Peredo Ernesto', 'Funcionario público autorizado para dar fe de testamentos y otros actos extrajudiciales, conforme a las leyes.', 'notarias, notario', 'Campos Nº 377, Rancagua', 'Jurisdicción: Rancagua, S.Fco Mostazal, Doñihue , Machalí, Olivar, Coltauco, Codegua, Coinco, Graneros', 0, 0, '', '-34.1697738', '-70.7422328\n', 'www.notariamontoya.cl', '', '72 - 258 5663', '', 'notaria@notariamontoya.cl', '', 'Lunes a Viernes 09:00 a 18:30 hrs.', 'si', 'no', '0000-00-00', '', '', 'activo'),
(3431, 3, 16, 105, '2017-02-15 20:36:31', 'Mondaca Pedrero Daniel', 'Funcionario público autorizado para dar fe de testamentos y otros actos extrajudiciales, conforme a las leyes.', 'notarias, notario', 'San Martín N°255, Rancagua', 'Jurisdicción: Rancagua, S.Fco Mostazal, Doñihue , Machalí, Olivar, Coltauco, Codegua, Coinco, Graneros', 0, 0, '', '-34.1676636', '-70.74598709999999\n', 'www.notariamondaca.cl', '', '72-234 2233', '', 'notariamondaca@gmail.com', '', 'Lunes a Viernes 09:00 a 18:30 hrs.', 'si', 'no', '0000-00-00', '', '', 'activo'),
(3432, 3, 16, 107, '2017-02-15 20:36:31', 'Notaria Guillermo Pérez Díaz', 'Funcionario público autorizado para dar fe de testamentos y otros actos extrajudiciales, conforme a las leyes.', 'notarias, notario', 'José Manuel Cousiño N° 110, Graneros', 'Jurisdicción: Rancagua, S.Fco Mostazal, Doñihue , Machalí, Olivar, Coltauco, Codegua, Coinco, Graneros', 0, 0, '', '', '', 'www.notariaguillermoperez.cl', '', '722472181', '722472172', 'notario@notariaquillermoperez.cl', '', 'Lunes a Jueves de 09:00 a 14:00 y 15:30 a 18:30 hrs.  Viernes de 09:00 a 14:00 y de 15:30 a 18:00 hrs.', 'no', 'no', '0000-00-00', '', '', 'activo'),
(3433, 3, 16, 106, '2017-02-15 20:36:31', 'Carvallo Castillo Gerardo', 'Funcionario público autorizado para dar fe de testamentos y otros actos extrajudiciales, conforme a las leyes.', 'notarias, notario', 'Las Rosas N° 5 Local 6, Machalí', 'Jurisdicción: Rancagua, S.Fco Mostazal, Doñihue , Machalí, Olivar, Coltauco, Codegua, Coinco, Graneros', 0, 0, '', '-34.1780286', '-70.6372822\n', '', '', '72-242 7721', '', 'notariamanchalí@gmail.com', '', 'Lunes a Viernes 09:00 a 18:30 hrs.', 'si', 'no', '0000-00-00', '', '', 'activo'),
(3434, 3, 16, 121, '2017-02-15 20:36:31', 'Figueroa Alvarez Edmundo', 'Funcionario público autorizado para dar fe de testamentos y otros actos extrajudiciales, conforme a las leyes.', 'notarias, notario', 'Ministro Diego Portales Palazuelos Nº 102-B, Rengo', 'Jurisdicción: Rengo, Requinoa,Malloa Quinta de Tilcoco', 0, 0, '', '', '', '', '', '72-297 6460', '72-297 6458', 'antoniofigueroa@notariarengo.cl', '', 'Lunes a Viernes 09:00 a 18:30 hrs.', 'no', 'no', '0000-00-00', '', '', 'activo'),
(3435, 3, 16, 117, '2017-02-15 20:36:31', 'Chadwick Vergara Isabel Margarita', 'Funcionario público autorizado para dar fe de testamentos y otros actos extrajudiciales, conforme a las leyes.', 'notarias, notario', 'Carmen Gallegos Nº 321, San Vic. T.T.', 'Jurisdicción: San Vicente de Tagua, Tagua, Pichidegua', 0, 0, '', '-34.439833', '-71.07774800000001\n', '', '', '72-257 1469', '72-258 3442', 'notariasv1@123.cl', '', 'Lunes a Viernes 09:00 a 18:30 hrs.', 'si', 'no', '0000-00-00', '', '', 'activo'),
(3436, 3, 16, 261, '2017-02-15 20:36:31', 'Notaria Víctor Quiñones Sobarzo', 'Funcionario público autorizado para dar fe de testamentos y otros actos extrajudiciales, conforme a las leyes.', 'notarias, notario', 'Guillermo Gallardo 1265', 'Jurisdicción: San Fernando, Placilla , Nancagua, Chimbarongo', 0, 0, '', '', '', '', '', '65 225 3154', '65 225 9903', 'notariaquinones@gmail.com ', '', 'Lunes a Viernes de 09:00 a 16:00 hrs. (Horario continuado)', 'si', 'no', '0000-00-00', '', '', 'activo'),
(3437, 3, 16, 124, '2017-02-15 20:36:31', 'Guzmán Baigorria Carlos', 'Funcionario público autorizado para dar fe de testamentos y otros actos extrajudiciales, conforme a las leyes.', 'notarias, notario', 'Chillán Nº 595-A, San Fernando', 'Jurisdicción: San Fernando, Placilla , Nancagua, Chimbarongo', 0, 0, '', '-34.5879018', '-70.9868405\n', '', '', '72-237 3066', '72-237 3067', 'e.calderon@notariaguzman.cl', '', 'Lunes a Viernes 09:00 a 18:30 hrs.', 'si', 'no', '0000-00-00', '', '', 'activo'),
(3438, 3, 16, 125, '2017-02-15 20:36:31', 'Salazar Meza Carla (Interino)', 'Funcionario público autorizado para dar fe de testamentos y otros actos extrajudiciales, conforme a las leyes.', 'notarias, notario', 'Miraflores Nº 399, Loc. 2, Chimbarongo', 'Jurisdicción: Chimbarongo', 0, 0, '', '-34.7082795', '-71.04341599999999\n', '', '', '72-278 1357', '72-278 2445', 'notariacsalazar@gmail.com', '', 'Lunes a Viernes 09:00 a 18:30 hrs.', 'si', 'no', '0000-00-00', '', '', 'activo'),
(3439, 3, 16, 128, '2017-02-15 20:36:31', 'Tampe Maldonado Jorge ', 'Funcionario público autorizado para dar fe de testamentos y otros actos extrajudiciales, conforme a las leyes.', 'notarias, notario', 'Rafael Casanova N°40, 2º Piso, Santa Cruz', 'Jurisdicción: Santa Cruz, Chépica, Lolol', 0, 0, '', '-34.6406185', '-71.36640269999999\n', '', '', '72-282 1268', '', 'notariatampe@gmail.com', '', 'Lunes a Viernes 09:00 a 18:30 hrs.', 'si', 'no', '0000-00-00', '', '', 'activo'),
(3440, 3, 16, 128, '2017-02-15 20:36:31', 'Carvallo Velasco Jorge Guillermo', 'Funcionario público autorizado para dar fe de testamentos y otros actos extrajudiciales, conforme a las leyes.', 'notarias, notario', 'Claudio Cancino Nº 60 Psje Marcel, Sta.Cruz', 'Jurisdicción: Santa Cruz, Chépica, Lolol', 0, 0, '', '-34.640557', '-71.3678357\n', 'www.notariacarvallo.cl', '', '72-282 2829', '', 'notariacarvallo@yahoo.com', '', 'Lunes a Viernes 09:00 a 18:30 hrs.', 'si', 'no', '0000-00-00', '', '', 'activo'),
(3441, 3, 16, 115, '2017-02-15 20:36:31', 'Bennet Urzúa Roberto A.', 'Funcionario público autorizado para dar fe de testamentos y otros actos extrajudiciales, conforme a las leyes.', 'notarias, notario', 'Vicuña Mackenna Nº 80, Peumo ', 'Jurisdicción: Peumo, Las Cabras, Rapel', 0, 0, '', '-34.3903616', '-71.1655155\n', 'www.notariapeumoylascabras.cl', '', '72-256 1546', '', 'notariapeumo@tie.cl', '', 'Lunes a Viernes 09:00 a 18:30 hrs.', 'si', 'no', '0000-00-00', '', '', 'activo'),
(3442, 3, 16, 137, '2017-02-15 20:36:31', 'Urzúa Ortiz de Rosas Juan Pablo', 'Funcionario público autorizado para dar fe de testamentos y otros actos extrajudiciales, conforme a las leyes.', 'notarias, notario', 'Av. Daniel Ortúzar Cuevas Nº 621, Pichilemu ', 'Jurisdicción: Pichilemu', 0, 0, '', '', '', 'www.conservadorpichilemu.cl', '', '72-284 3056', '72-284 3066', 'notaria.pichilemu@terra.cl', '', 'Lunes a Viernes 09:00 a 18:30 hrs.', 'no', 'no', '0000-00-00', '', '', 'activo'),
(3443, 3, 16, 131, '2017-02-15 20:36:31', 'Pérez Vega Soledad', 'Funcionario público autorizado para dar fe de testamentos y otros actos extrajudiciales, conforme a las leyes.', 'notarias, notario', 'Chacabuco Nº 428, Peralillo', 'Jurisdicción: Peralillo, Marchihue, Palmilla, Pumanque, Paredones', 0, 0, '', '-34.477935', '-71.4750495\n', '', '', '72-286 1237', '72-286 1238', 'notariaperalillo@terra.cl', '', 'Lunes a Viernes 09:00 a 18:30 hrs.', 'si', 'no', '0000-00-00', '', '', 'activo'),
(3444, 3, 16, 136, '2017-02-15 20:36:31', 'Notaria Marcela Marlene Sammur Del Río', 'Funcionario público autorizado para dar fe de testamentos y otros actos extrajudiciales, conforme a las leyes.', 'notaria, Conservador, archivero, cbr, conservador de bienes raices', 'Hermanos Carrera 809', 'Notaria, Conservador y Archivero. Jurisdicción: Litueche, Navidad, La Estrella', 0, 0, '', '-34.1146563', '-71.7262703\n', '', '', '72 2252223', '', 'notarialitueche@gmail.com', '', 'Lunes a Jueves: 9:00 a 13:30 y de 15:00 a 16:30 Viernes: 8:45 a 14:45 hrs.', 'si', 'no', '0000-00-00', '', '', 'activo'),
(3445, 3, 16, 140, '2017-02-15 20:36:31', 'León Manieu René', 'Funcionario público autorizado para dar fe de testamentos y otros actos extrajudiciales, conforme a las leyes.', 'notarias, notario', 'Carmen Nº 489, Curicó', 'Jurisdicción: Curicó, Teno, Romeral, Rauco', 0, 0, '', '-34.9859822', '-71.2386875\n', '', '', '75-231 8859', '75-231 1272', 'notariareneleon@vtr.net', '', 'Lunes a Viernes 09:00 a 18:30 hrs.', 'si', 'no', '0000-00-00', '', '', 'activo'),
(3446, 3, 16, 140, '2017-02-15 20:36:31', 'Salazar Sallorenzo Fernando', 'Funcionario público autorizado para dar fe de testamentos y otros actos extrajudiciales, conforme a las leyes.', 'notarias, notario', 'Carmen Nº 498, Curicó', 'Jurisdicción: Curicó, Teno, Romeral, Rauco', 0, 0, '', '-34.9858931', '-71.23868330000001\n', '', '', '75-231 1256 ', '75-231 3116', 'notariasalazarcurico@gmail.com', '', 'Lunes a Viernes 09:00 a 18:30 hrs.', 'si', 'no', '0000-00-00', '', '', 'activo'),
(3447, 3, 16, 140, '2017-02-15 20:36:31', 'Dominguez Jara Rodrigo', 'Funcionario público autorizado para dar fe de testamentos y otros actos extrajudiciales, conforme a las leyes.', 'notarias, notario', 'Estado Nº 236, Curicó', 'Jurisdicción: Curicó, Teno, Romeral, Rauco', 0, 0, '', '-34.9857961', '-71.23769969999999\n', '', '', '75 -231 1259', '', 'marcelo@notariadominguez.cl', '', 'Lunes a Viernes 09:00 a 18:30 hrs.', 'si', 'no', '0000-00-00', '', '', 'activo'),
(3448, 3, 16, 140, '2017-02-15 20:36:31', 'Del Campo Vial Eduardo', 'Funcionario público autorizado para dar fe de testamentos y otros actos extrajudiciales, conforme a las leyes.', 'notarias, notario', 'Estado N° 282, Curicó', 'Jurisdicción: Curicó, Teno, Romeral, Rauco', 0, 0, '', '-34.9858836', '-71.2387018\n', 'www.notariadelcampovial.cl', '', '75-2312500', '', 'contacto@notariarojastrejo.cl', '', 'Lunes a Viernes 09:00 a 18:30 hrs.', 'si', 'no', '0000-00-00', '', '', 'activo'),
(3449, 3, 16, 147, '2017-02-15 20:36:31', 'Notaria Rodrigo Antonio Vila Cervera', 'Funcionario público autorizado para dar fe de testamentos y otros actos extrajudiciales, conforme a las leyes.', 'notarias, notario', 'Independencia 2001', 'Jurisdicción: Molina, Sagrada Familia', 0, 0, '', '-35.1139817', '-71.2819344\n', 'www.notariavilacervera.cl', '', '75-234 1448', '', 'rvila@notariavilacervera.cl', '', 'Lunes a Jueves de 09:00 a 13:00 hrs. y de 14:00 a las 17:30 hrs.\r\n<br>Viernes de 09:00 a 15:00 hrs.', 'si', 'no', '0000-00-00', '', '', 'activo'),
(3450, 3, 16, 150, '2017-02-15 20:36:31', '4ta Notaria de Talca Jaime Andres Silva Sciberras', 'Funcionario público autorizado para dar fe de testamentos y otros actos extrajudiciales, conforme a las leyes.', 'notarias, notario', '2 Oriente 1140', 'Jurisdicción: Talca, Pelarco, Río Claro, Maule, Pencachue, San Clemente, San Rafael', 0, 0, '', '-35.4514826', '-71.67093609999999\n', '', '', '71-228 7450', '71 2685845', 'notaria.silva.talca@gmail.com ', '', 'Lunes a Viernes 09:00 a 13:55 hrs.', 'si', 'no', '0000-00-00', '', '', 'activo'),
(3451, 3, 16, 150, '2017-02-15 20:36:31', 'Hormozábal Alegría Angelita', 'Funcionario público autorizado para dar fe de testamentos y otros actos extrajudiciales, conforme a las leyes.', 'notarias, notario', '2 Oriente Nº 1139, Talca', 'Jurisdicción: Talca, Pelarco, Río Claro, Maule, Pencachue, San Clemente, San Rafael', 0, 0, '', '-35.4514826', '-71.67093609999999\n', 'www.notariahormazabal.cl', '', '71-268 5303 ', '71-268 5305', 'contacto@notariahormazabal.cl', '', 'Lunes a Viernes 09:00 a 18:30 hrs.', 'si', 'no', '0000-00-00', '', '', 'activo'),
(3452, 3, 16, 150, '2017-02-15 20:36:31', 'Vidal Domínguez Ignacio', 'Funcionario público autorizado para dar fe de testamentos y otros actos extrajudiciales, conforme a las leyes.', 'notarias, notario', '1 Norte Nº 963 Lc.103, Talca', 'Jurisdicción: Talca, Pelarco, Río Claro, Maule, Pencachue, San Clemente, San Rafael', 0, 0, '', '-35.426111', '-71.6631986\n', 'www.notariaignaciovidal.cl', '', '71-261 4510 ', '71-261 4511', 'notariavidal@123.cl', '', 'Lunes a Viernes 09:00 a 18:30 hrs.', 'si', 'no', '0000-00-00', '', '', 'activo'),
(3453, 3, 16, 150, '2017-02-15 20:36:31', '2da Notaria\r\nEnrique Ortiz Schindler', 'Funcionario público autorizado para dar fe de testamentos y otros actos extrajudiciales, conforme a las leyes.', 'notarias, notario', '1 Sur 898', 'Jurisdicción: Talca, Pelarco, Río Claro, Maule, Pencachue, San Clemente, San Rafael', 0, 0, '', '-35.4306797', '-71.6356177\n', '', '', '71 2533798', '71 2533797', 'notariaortiz@gmail.com', '', 'Lunes a Viernes 09:00 a  14:00 (actual por pandemia)<br>\r\nLunes a Viernes mañana 09:00 a 14:00 y en la tarde de 15.30 a 18:00 hrs (normal)', 'si', 'no', '0000-00-00', '', '', 'activo'),
(3454, 3, 16, 150, '2017-02-15 20:36:31', 'Durán Palma Teodoro', 'Funcionario público autorizado para dar fe de testamentos y otros actos extrajudiciales, conforme a las leyes.', 'notarias, notario', '1 Norte Nº 888, Talca', 'Jurisdicción: Talca, Pelarco, Río Claro, Maule, Pencachue, San Clemente, San Rafael', 0, 0, '', '-35.4261324', '-71.6641065\n', '', '', '71-231 4462', '', 'notariatalca@gmail.com', '', 'Lunes a Viernes 09:00 a 18:30 hrs.', 'si', 'no', '0000-00-00', '', '', 'activo'),
(3455, 3, 16, 151, '2017-02-15 20:36:31', 'Martínez Loaiza Pablo', 'Funcionario público autorizado para dar fe de testamentos y otros actos extrajudiciales, conforme a las leyes.', 'notarias, notario', 'Huamachuco 841', 'Jurisdicción: Talca, Pelarco, Río Claro, Maule, Pencachue, San Clemente, San Rafael', 0, 0, '', '', '', '', '', '71 2620615', '', 'notariasanclemente@gmail.com', '', 'Lunes a Viernes 09:00 a 14:00 hrs. y de 15:00 a 18:00 hrs.', 'no', 'no', '0000-00-00', '', '', 'activo'),
(3456, 3, 16, 157, '2017-02-15 20:36:31', 'Alvaro Mera Correa (por separación cargos)', 'Funcionario público autorizado para dar fe de testamentos y otros actos extrajudiciales, conforme a las leyes.', 'notarias, notario', 'Onederra Nº 379, Constitución', 'Jurisdicción: Constitución, Empedrado', 0, 0, '', '', '', '', '', '71-267 0740', '', 'nam@entelchile.net', '', 'Lunes a Viernes 09:00 a 18:30 hrs.', 'no', 'no', '0000-00-00', '', '', 'activo'),
(3457, 3, 16, 155, '2017-02-15 20:36:31', 'Notaria Jorge Andrés Allende González', 'Funcionario público autorizado para dar fe de testamentos y otros actos extrajudiciales, conforme a las leyes.', 'notarias, notario', '\r\nPedro Antonio González 20', 'Jurisdicción: Curepto', 0, 0, '', '', '', 'www.conservadorcurepto.cl', '', '75 2690201', '', 'notariacurepto@gmail.com ', '', 'Horario normal Lunes a Viernes: 8:30 a 13:30 hrs Tarde: 15:30 a 18:30 hrs.<br>\r\nHorario Covid-19 Lunes a Viernes: 9:00 a 14:00 hrs.', 'no', 'no', '0000-00-00', '', '', 'activo'),
(3458, 3, 16, 159, '2017-02-15 20:36:31', 'Cuadra González del Riego Andres', 'Funcionario público autorizado para dar fe de testamentos y otros actos extrajudiciales, conforme a las leyes.', 'notarias, notario', 'Chacabuco Nº 551-A, Linares', 'Jurisdicción: Linares, Yerbas Buenas, Colbún Longaví', 0, 0, '', '-35.8459763', '-71.5956843\n', '', '', '73-221 0896', '73-221 2944', 'notariacuadra@gmail.com', '', 'Lunes a Viernes 09:00 a 18:30 hrs.', 'si', 'no', '0000-00-00', '', '', 'activo'),
(3459, 3, 16, 159, '2017-02-15 20:36:31', 'Notaria Luis Guillermo Alvarez Donoso', 'Funcionario público autorizado para dar fe de testamentos y otros actos extrajudiciales, conforme a las leyes.', 'notarias, notario', 'Independencia 566', '3era Notaría de Linares. Jurisdicción: Linares, Yerbas Buenas, Colbún Longaví', 0, 0, '', '-35.8467492', '-71.5949834\n', '', '', '73-221 4714 ', '', 'notariointerino@gmail.com', '', 'Lunes a Viernes 09:00 a 18:30 hrs.', 'si', 'no', '0000-00-00', '', '', 'activo'),
(3460, 3, 16, 159, '2017-02-15 20:36:31', 'Trincado Córdova Edison', 'Funcionario público autorizado para dar fe de testamentos y otros actos extrajudiciales, conforme a las leyes.', 'notarias, notario', 'Curapalihue Nº 462  Dpto.103, Linares', 'Jurisdicción: Linares, Yerbas Buenas, Colbún Longaví', 0, 0, '', '-35.846403', '-71.5982607\n', '', '', '73-221 0957', '73-221 3977', 'notariatrincado@gmailcom', '', 'Lunes a Viernes 09:00 a 18:30 hrs.', 'si', 'no', '0000-00-00', '', '', 'activo'),
(3461, 3, 16, 164, '2017-02-15 20:36:31', 'Notaria Jorge Gillet Bebin', 'Funcionario público autorizado para dar fe de testamentos y otros actos extrajudiciales, conforme a las leyes.', 'notarias, notario', 'Anibal Pinto 715', 'Jurisdicción: Parral, Retiro', 0, 0, '', '-36.140636', '-71.8225872\n', '', '', '73-2-633633', '73-2-633621', 'notariajorgegillet@gmail.com', '', 'Lunes a Viernes 09:00 a 18:30 hrs.', 'si', 'no', '0000-00-00', '', '', 'activo'),
(3462, 3, 16, 156, '2017-02-15 20:36:31', 'Coloma Amaro Fernando', 'Funcionario público autorizado para dar fe de testamentos y otros actos extrajudiciales, conforme a las leyes.', 'notarias, notario', 'Esmeralda N° 1351, San Javier', 'Jurisdicción: San Javier, Villa Alegre', 0, 0, '', '-35.595298', '-71.7312069\n', '', '', '73-2321710', '', 'notariacolomasanjavier@gmail.com', '', 'Lunes a Viernes 09:00 a 18:30 hrs.', 'si', 'no', '0000-00-00', '', '', 'activo'),
(3463, 3, 16, 166, '2017-02-15 20:36:31', 'Najle Alee Yamil', 'Funcionario público autorizado para dar fe de testamentos y otros actos extrajudiciales, conforme a las leyes.', 'notarias, notario', 'Victoria Nº 459, Cauquenes', 'Jurisdicción: Cauquenes', 0, 0, '', '-35.9677121', '-72.3156796\n', '', '', '73-251 2873', '', 'apavez@conservadorcauquenes.cl', '', 'Lunes a Viernes 09:00 a 18:30 hrs.', 'si', 'no', '0000-00-00', '', '', 'activo'),
(3464, 3, 16, 166, '2017-02-15 20:36:31', 'Lora Romero Oscar Alejandro', 'Funcionario público autorizado para dar fe de testamentos y otros actos extrajudiciales, conforme a las leyes.', 'notarias, notario', 'Victoria N° 415-A, Piso 1, Cauquenes', 'Jurisdicción: Cauquenes', 0, 0, '', '-35.9666067', '-72.3382137\n', 'www.primeranotariacauquenes.cl', '', '73-2513271', '', 'primeranotariacauquenes@gmail.com', '', 'Lunes a Viernes 09:00 a 18:30 hrs.', 'si', 'no', '0000-00-00', '', '', 'activo'),
(3465, 3, 16, 166, '2017-02-15 20:36:31', 'Castillo Sánchez Jhon (Interino)', 'Funcionario público autorizado para dar fe de testamentos y otros actos extrajudiciales, conforme a las leyes.', 'notarias, notario', 'Victoria Nº 405, Cauquenes', 'Jurisdicción: Cauquenes', 0, 0, '', '-35.9667211', '-72.3381905\n', 'www.notariahormazabalcauquenes.cl', '', '73-251 2017', '', 'notariainterinocauquenes@gmailcom', '', 'Lunes a Viernes 09:00 a 18:30 hrs.', 'si', 'no', '0000-00-00', '', '', 'activo'),
(3466, 3, 16, 167, '2017-02-15 20:36:31', 'Constenia Novoa Nicolás', 'Funcionario público autorizado para dar fe de testamentos y otros actos extrajudiciales, conforme a las leyes.', 'notarias, notario', 'Ramón Freire Nº 131, Chanco', 'Jurisdicción: Chanco , Pelluhue', 0, 0, '', '-35.7328771', '-72.53102869999999\n', 'www.conservadorchanco.cl', '', '73-255 1000 ', '73-262 5787', 'info@conservadorchanco.cl', '', 'Lunes a Viernes 09:00 a 18:30 hrs.', 'si', 'no', '0000-00-00', '', '', 'activo');
INSERT INTO `tbl_publico_aviso` (`id_publico_aviso`, `id_usuario`, `id_publico_cate_sub`, `id_ciudad`, `fecha_crea`, `titulo_aviso`, `descripcion_aviso`, `tags_aviso`, `direccion_aviso`, `descripcion_corta`, `precio_aviso`, `precio_aviso_2`, `google_maps`, `latitud`, `longitud`, `sitio_web_aviso`, `video_aviso`, `fono_aviso`, `celu_aviso`, `email1_aviso`, `email2_aviso`, `horario_atencion`, `geoposicion`, `destacado_aviso`, `fecha_destacado`, `twitter`, `facebook`, `st_publico_aviso`) VALUES
(3467, 3, 16, 168, '2017-02-15 20:36:31', 'Yaber Lozano Francisco', 'Funcionario público autorizado para dar fe de testamentos y otros actos extrajudiciales, conforme a las leyes.', 'notarias, notario', 'Arauco Nº 645 , Chillán', 'Jurisdicción: Chillán , Pinto, Coihueco', 0, 0, '', '-36.6080896', '-72.1030969\n', '', '', '42-222 2880', '42-222 2541', 'notariayaber@gmail.com', '', 'Lunes a Viernes 09:00 a 18:30 hrs.', 'si', 'no', '0000-00-00', '', '', 'activo'),
(3468, 3, 16, 168, '2017-02-15 20:36:31', 'Tejos Henríquez Joaquín', 'Funcionario público autorizado para dar fe de testamentos y otros actos extrajudiciales, conforme a las leyes.', 'notarias, notario', 'El Roble N° 620, Chillán', 'Jurisdicción: Chillán , Pinto, Coihueco', 0, 0, '', '-36.6087136', '-72.10312259999999\n', '', '', '42-224 6740', '42-221 2311', 'notaria.tejos@terra.cl', '', 'Lunes a Viernes 09:00 a 18:30 hrs.', 'si', 'no', '0000-00-00', '', '', 'activo'),
(3469, 3, 16, 168, '2017-02-15 20:36:31', 'Bustos Bonniard Juan Armando', 'Funcionario público autorizado para dar fe de testamentos y otros actos extrajudiciales, conforme a las leyes.', 'notarias, notario', 'Arauco N° 620, Chillán', 'Jurisdicción: Chillán , Pinto, Coihueco', 0, 0, '', '-36.6080783', '-72.10309219999999\n', 'www.notariabustos.cl', '', '42-283 5276', '42-283 5278', '', '', 'Lunes a Viernes 09:00 a 18:30 hrs.', 'si', 'no', '0000-00-00', '', '', 'activo'),
(3470, 3, 16, 168, '2017-02-15 20:36:31', 'Alvarez Díaz Luis', 'Funcionario público autorizado para dar fe de testamentos y otros actos extrajudiciales, conforme a las leyes.', 'notarias, notario', 'El Roble Nº 515, Chillán', 'Jurisdicción: Chillán , Pinto, Coihueco', 0, 0, '', '-36.6083002', '-72.1047159\n', 'www.notariaalvarez.cl', '', '42- 242 6331', '42- 242 6332', 'notario@notariaalvarez.cl', '', 'Lunes a Viernes 09:00 a 18:30 hrs.', 'si', 'no', '0000-00-00', '', '', 'activo'),
(3471, 3, 16, 176, '2017-02-15 20:36:31', 'Behar Saravia Jack', 'Funcionario público autorizado para dar fe de testamentos y otros actos extrajudiciales, conforme a las leyes.', 'notarias, notario', 'Vicuña Mackenna Nº 529, San Carlos', 'Jurisdicción: San Carlos, Ñiquén, San Fabián, San Nicolás', 0, 0, '', '-36.4245747', '-71.9566878\n', '', '', '42-241 5762', '42-241 5886', 'notariasancarlos@hotmail.com', '', 'Lunes a Viernes 09:00 a 18:30 hrs.', 'si', 'no', '0000-00-00', '', '', 'activo'),
(3472, 3, 16, 177, '2017-02-15 20:36:31', '2da Notaria Janina Lorena Rodríguez Cortés', 'Funcionario público autorizado para dar fe de testamentos y otros actos extrajudiciales, conforme a las leyes.', 'notarias, notario', 'Estado s/n esquina E. Zuñiga', 'Jurisdicción: Asiento Ñinquén, San Gregorio', 0, 0, '', '-36.2832999', '-71.8167\n', '', '', '42-252 0488', '98 8380962', 'segundanotariasancarlos@gmail.com', '', 'Lunes a Viernes 09:00 a 13:30 hrs. y de 15:00 a 17:30 hrs.', 'si', 'no', '0000-00-00', '', '', 'activo'),
(3473, 3, 16, 183, '2017-02-15 20:36:31', 'Riesco Vega Marcelo', 'Funcionario público autorizado para dar fe de testamentos y otros actos extrajudiciales, conforme a las leyes.', 'notarias, notario', 'Arturo Prat Nº 233, Yungay', 'Jurisdicción: Yungay, Pemuco, El Carmen, Tucapel, Huepil', 0, 0, '', '-33.4478764', '-70.6496848\n', '', '', '42-268 0009', '', 'notariariesco@gmail.com', '', 'Lunes a Viernes 09:00 a 18:30 hrs.', 'si', 'no', '0000-00-00', '', '', 'activo'),
(3474, 3, 16, 172, '2017-02-15 20:36:31', 'Leiva Uribe-Echevarría Raúl', 'Funcionario público autorizado para dar fe de testamentos y otros actos extrajudiciales, conforme a las leyes.', 'notarias, notario', 'Independencia Nº 499, Quirihue', 'Jurisdicción: Quirihue, Ninhue, Portezuelo, Treguaco, Cobquecura', 0, 0, '', '', '', '', '', '42-253 1285', '', 'gloria@notariaquirihue.cl', '', 'Lunes a Viernes 09:00 a 18:30 hrs.', 'no', 'no', '0000-00-00', '', '', 'activo'),
(3475, 3, 16, 186, '2017-02-15 20:36:31', 'Solar Bach Luis Eduardo', 'Funcionario público autorizado para dar fe de testamentos y otros actos extrajudiciales, conforme a las leyes.', 'notarias, notario', 'Francisco Barros Nº 250, Coelemu', 'Jurisdicción: Coelemu , Ranquil', 0, 0, '', '', '', '', '', '42-251 1406', '', 'notariacoelemu@tie.cl', '', 'Lunes a Viernes 09:00 a 18:30 hrs.', 'no', 'no', '0000-00-00', '', '', 'activo'),
(3476, 3, 16, 180, '2017-02-15 20:36:31', 'Cruz Muñoz Luciano', 'Funcionario público autorizado para dar fe de testamentos y otros actos extrajudiciales, conforme a las leyes.', 'notarias, notario', 'Carlos Palacios 109', 'Notario, Conservador y Archivero. Jurisdicción: Bulnes, Quillón, San Ignacio', 0, 0, '', '-36.7411194', '-72.2929347\n', '', '', '42-263 0804', '42-263 1239', 'notariacruz@gmail.com', '', 'Lunes a Viernes de 09:00 a 13:00 hrs. y de 15:00 a 17:00 hrs.', 'si', 'no', '0000-00-00', '', '', 'activo'),
(3477, 3, 16, 188, '2017-02-15 20:36:31', 'Miranda Jimenez Carlos', 'Funcionario público autorizado para dar fe de testamentos y otros actos extrajudiciales, conforme a las leyes.', 'notarias, notario', '', 'Jurisdicción: Concepción, Penco, Chiguayante, San Pedro de la Paz', 0, 0, '', '-36.8267462', '-73.04769619999999\n', 'www.notariamiranda.cl', '', '41-222 5375 ', '41-210 7130', 'cmiranda@notariamiranda.cl', '', 'Lunes a Viernes 09:00 a 18:30 hrs.', 'si', 'no', '0000-00-00', '', '', 'activo'),
(3478, 3, 16, 188, '2017-02-15 20:36:31', '3era Notaria Juan Espinosa Bancalari', 'Funcionario público autorizado para dar fe de testamentos y otros actos extrajudiciales, conforme a las leyes.', 'notarias, notario', 'O’Higgins 528', 'Jurisdicción: Concepción, Penco, Chiguayante, San Pedro de la Paz', 0, 0, '', '-36.8283581', '-73.051266\n', 'www.notariaespinoza.cl', '', '41-279 6800 ', '41-279 6864', 'escrituras@notariaespinosa.cl', '', 'Lunes a Viernes 09:00  14:00 hrs. y tarde de 16:00 a 19:00 hrs.<br> HORARIO ESPECIAL\r\nLunes a Viernes:\r\nSolo Mañana: 9:00 a 14:00 hrs.', 'si', 'no', '0000-00-00', '', '', 'activo'),
(3479, 3, 16, 188, '2017-02-15 20:36:31', 'Rivera González Maria Eugenia', 'Funcionario público autorizado para dar fe de testamentos y otros actos extrajudiciales, conforme a las leyes.', 'notarias, notario', '', 'Jurisdicción: Concepción, Penco, Chiguayante, San Pedro de la Paz', 0, 0, '', '-36.7851627', '-73.0734509\n', '', '', '41-222 6465', '41- 223 1998', 'mlconteras@notariarivera.cl', '', 'Lunes a Viernes 09:00 a 18:30 hrs.', 'si', 'no', '0000-00-00', '', '', 'activo'),
(3480, 3, 16, 188, '2017-02-15 20:36:31', 'García Carrasco Ramón', 'Funcionario público autorizado para dar fe de testamentos y otros actos extrajudiciales, conforme a las leyes.', 'notarias, notario', 'Rengo Nº 444, Concepción', 'Jurisdicción: Concepción, Penco, Chiguayante, San Pedro de la Paz', 0, 0, '', '-36.8279656', '-73.05205269999999\n', '', '', '41- 221 2576 ', '41-288 7627', 'rgarcia@notariagarcia.cl', '', 'Lunes a Viernes 09:00 a 18:30 hrs.', 'si', 'no', '0000-00-00', '', '', 'activo'),
(3481, 3, 16, 188, '2017-02-15 20:36:31', 'Bambach Echazarreta Gerardo', 'Funcionario público autorizado para dar fe de testamentos y otros actos extrajudiciales, conforme a las leyes.', 'notarias, notario', 'San Martín Nº 906, Concepción', 'Jurisdicción: Concepción, Penco, Chiguayante, San Pedro de la Paz', 0, 0, '', '-36.8273006', '-73.0459383\n', '', '', '41-224 9068 ', '41-224 9069 ', 'notaria@bambach.cl', '', 'Lunes a Viernes 09:00 a 18:30 hrs.', 'si', 'no', '0000-00-00', '', '', 'activo'),
(3482, 3, 16, 188, '2017-02-15 20:36:31', '6ta Notaria Mario Patricio Aburto Contardo', 'Funcionario público autorizado para dar fe de testamentos y otros actos extrajudiciales, conforme a las leyes.', 'notarias, notario', 'Colo-Colo 304', 'Jurisdicción: Concepción, Penco, Chiguayante, San Pedro de la Paz', 0, 0, '', '-36.8276173', '-73.0473528\n', 'www.notariaaburto.cl ', '', '41-210 6640', '', 'info@notariaaburto.cl', '', 'Lunes a Viernes 10:00 - 14:00 y 15:00 - 18:00 hrs.', 'si', 'no', '0000-00-00', '', '', 'activo'),
(3483, 3, 16, 188, '2017-02-15 20:36:31', 'Valenzuela Norambuena Ernesto', 'Funcionario público autorizado para dar fe de testamentos y otros actos extrajudiciales, conforme a las leyes.', '', 'Barros Arana Nº 971, Of. 24, Concepción', 'Jurisdicción: Concepción, Penco, Chiguayante, San Pedro de la Paz', 0, 0, '', '-36.8249185', '-73.0464609\n', '', '', '41-274 7272', '', 'info@notariavalenzuela.cl', '', 'Lunes a Viernes 09:00 a 18:30 hrs.', 'si', 'no', '0000-00-00', '', '', 'activo'),
(3484, 3, 16, 70, '2017-02-15 20:40:14', 'Cuadra Gazmuri Hernán ', 'Funcionario público autorizado para dar fe de testamentos y otros actos extrajudiciales, conforme a las leyes.', 'notarias, notario', 'Huerfanos  Nº 1160, of. 101 y 102 entrepiso', 'Jurisdicción: Santiago, Qta Normal, E.Central, Independencia, Renca, Recoleta,Quilicura, Conchalí, Pudahue,Cerro Navia, Providencia', 0, 0, '', '-33.4399766', '-70.6531155\n', '', '', '2-2426 8583', '', 'notariacuadragazmuri@gmail.com', '', 'Lunes a Viernes 09:00 a 18:30 hrs.', 'si', 'no', '0000-00-00', '', '', 'activo'),
(3485, 3, 16, 70, '2017-02-15 20:40:14', 'Leiva Carvajal Francisco Javier', 'Funcionario público autorizado para dar fe de testamentos y otros actos extrajudiciales, conforme a las leyes.', 'notarias, notario', 'Agustinas Nº 1173, Santiago Centro', 'Jurisdicción: Santiago, Qta Normal, E.Central, Independencia, Renca, Recoleta,Quilicura, Conchalí, Pudahue,Cerro Navia, Providencia', 0, 0, '', '-33.4409117', '-70.6532004\n', '', '', '2-2698 3917', '2-2698 7869', 'contacto@notarialeiva.cl', '', 'Lunes a Viernes 09:00 a 18:30 hrs.', 'si', 'no', '0000-00-00', '', '', 'activo'),
(3486, 3, 16, 70, '2017-02-15 20:40:14', 'Gomila Gatica Cosme Fernando', 'Funcionario público autorizado para dar fe de testamentos y otros actos extrajudiciales, conforme a las leyes.', 'notarias, notario', 'Ahumada Nº 341 Piso 4º, Santiago Centro', 'Jurisdicción: Santiago, Qta Normal, E.Central, Independencia, Renca, Recoleta,Quilicura, Conchalí, Pudahue,Cerro Navia, Providencia', 0, 0, '', '-33.4391439', '-70.6508582\n', '', '', '2-2695 4040', '', 'notariagomila@notariagomila.cl', '', 'Lunes a Viernes 09:00 a 18:30 hrs.', 'si', 'no', '0000-00-00', '', '', 'activo'),
(3487, 3, 16, 70, '2017-02-15 20:40:14', 'Rojas López Alberto', 'Funcionario público autorizado para dar fe de testamentos y otros actos extrajudiciales, conforme a las leyes.', 'notarias, notario', 'Compañía 1085 Of. 1401, Santiago Centro', 'Jurisdicción: Santiago, Qta Normal, E.Central, Independencia, Renca, Recoleta,Quilicura, Conchalí, Pudahue,Cerro Navia, Providencia', 0, 0, '', '-33.4419412', '-70.6920992\n', 'www.notariarojas.cl', '', '2-2696 2135', '', 'arojas.1712@gmail.com', '', 'Lunes a Viernes 09:00 a 18:30 hrs.', 'si', 'no', '0000-00-00', '', '', 'activo'),
(3488, 3, 16, 70, '2017-02-15 20:40:14', 'Santos Muñoz Maria Soledad', 'Funcionario público autorizado para dar fe de testamentos y otros actos extrajudiciales, conforme a las leyes.', 'notarias, notario', 'Agustinas Nº 1161, Entrepiso, Santiago Centro', 'Jurisdicción: Santiago, Qta Normal, E.Central, Independencia, Renca, Recoleta,Quilicura, Conchalí, Pudahue,Cerro Navia, Providencia', 0, 0, '', '-33.4408971', '-70.65297350000002\n', '', '', '2-2429 4250', '2-2429 4252 ', 'soledadsantos@notariasantos.cl', '', 'Lunes a Viernes 09:00 a 18:30 hrs.', 'si', 'no', '0000-00-00', '', '', 'activo'),
(3489, 3, 16, 70, '2017-02-15 20:40:14', 'Rubio Flores Andrés', 'Funcionario público autorizado para dar fe de testamentos y otros actos extrajudiciales, conforme a las leyes.', 'notarias, notario', 'Miraflores Nº 383 Of. 2901 Piso 29, Santiago Centro', 'Jurisdicción: Santiago, Qta Normal, E.Central, Independencia, Renca, Recoleta,Quilicura, Conchalí, Pudahue,Cerro Navia, Providencia', 0, 0, '', '-33.4382994', '-70.6453439\n', '', '', '2-2889 9400', '', 'secretaria@notariarubio.cl', '', 'Lunes a Viernes 09:00 a 18:30 hrs.', 'si', 'no', '0000-00-00', '', '', 'activo'),
(3490, 3, 16, 70, '2017-02-15 20:40:14', 'Gonzáles Caamaño Pablo', 'Funcionario público autorizado para dar fe de testamentos y otros actos extrajudiciales, conforme a las leyes.', 'notarias, notario', 'Teatinos 333 entrepiso, Santiago Centro', 'Jurisdicción: Santiago, Qta Normal, E.Central, Independencia, Renca, Recoleta,Quilicura, Conchalí, Pudahue,Cerro Navia, Providencia', 0, 0, '', '-33.4395054', '-70.65514539999999\n', '', '', '2-2672 1493', '2-2672 0320', 'info@novenanotaria.cl', '', 'Lunes a Viernes 09:00 a 18:30 hrs.', 'si', 'no', '0000-00-00', '', '', 'activo'),
(3491, 3, 16, 70, '2017-02-15 20:40:14', 'Ronchera Flores  Valeria', 'Funcionario público autorizado para dar fe de testamentos y otros actos extrajudiciales, conforme a las leyes.', 'notarias, notario', 'Teatinos Nº 371 Of. 113, Santiago Centro', 'Jurisdicción: Santiago, Qta Normal, E.Central, Independencia, Renca, Recoleta,Quilicura, Conchalí, Pudahue,Cerro Navia, Providencia', 0, 0, '', '-33.4392637', '-70.6552155\n', '', '', '2-2698 6841', '2- 2865 0420', 'info@notariaronchera.cl', '', 'Lunes a Viernes 09:00 a 18:30 hrs.', 'si', 'no', '0000-00-00', '', '', 'activo'),
(3492, 3, 16, 70, '2017-02-15 20:40:14', 'Belmonte Aguirre Susana ', 'Funcionario público autorizado para dar fe de testamentos y otros actos extrajudiciales, conforme a las leyes.', 'notarias, notario', 'Ahumada 131 Oficina 322, Santiago Centro', 'Jurisdicción: Santiago, Qta Normal, E.Central, Independencia, Renca, Recoleta,Quilicura, Conchalí, Pudahue,Cerro Navia, Providencia', 0, 0, '', '-33.4415516', '-70.6506438\n', 'www.notariasusanabelmonte.cl', '', '2- 2699 1539', '', 'notariabelmonte@gmail.com', '', 'Lunes a Viernes 09:00 a 18:30 hrs.', 'si', 'no', '0000-00-00', '', '', 'activo'),
(3493, 3, 16, 70, '2017-02-15 20:40:14', 'Cathalifaud Moroso Patricio', 'Funcionario público autorizado para dar fe de testamentos y otros actos extrajudiciales, conforme a las leyes.', 'notarias, notario', 'Teatinos Nº 331, Santiago Centro  ', 'Jurisdicción: Santiago, Qta Normal, E.Central, Independencia, Renca, Recoleta,Quilicura, Conchalí, Pudahue,Cerro Navia, Providencia', 0, 0, '', '-33.4395516', '-70.6551236\n', '', '', '2 2699 8516', '', 'notariacathalifaud@gmail.com', '', 'Lunes a Viernes 09:00 a 18:30 hrs.', 'si', 'no', '0000-00-00', '', '', 'activo'),
(3494, 3, 16, 70, '2017-02-15 20:40:14', 'Toro Campos Clovis', 'Funcionario público autorizado para dar fe de testamentos y otros actos extrajudiciales, conforme a las leyes.', 'notarias, notario', 'Compañía Nº 1312, Santiago Centro ', 'Jurisdicción: Santiago, Qta Normal, E.Central, Independencia, Renca, Recoleta,Quilicura, Conchalí, Pudahue,Cerro Navia, Providencia', 0, 0, '', '-33.4419412', '-70.6920992\n', '', '', '2- 2688 2329', '2- 2671 0085', 'notariaclovistoro@terra.cl', '', 'Lunes a Viernes 09:00 a 18:30 hrs.', 'si', 'no', '0000-00-00', '', '', 'activo'),
(3495, 3, 16, 70, '2017-02-15 20:40:14', 'Notaria Jorge Andrés Osorio Rojas', 'Funcionario público autorizado para dar fe de testamentos y otros actos extrajudiciales, conforme a las leyes.', 'notarias, notario', 'Teatinos 449, piso 6°', 'Jurisdicción: Santiago, Qta Normal, E.Central, Independencia, Renca, Recoleta,Quilicura, Conchalí, Pudahue,Cerro Navia, Providencia', 0, 0, '', '-33.4383696', '-70.6553072\n', '', '', '232491544', '232491542', 'notaria.teatinos449@gmail.com', '', 'Lunes a Viernes 09:00 a 18:30 hrs.', 'si', 'no', '0000-00-00', '', '', 'activo'),
(3496, 3, 16, 70, '2017-02-15 20:40:14', 'Morande Orrego Jaime', 'Funcionario público autorizado para dar fe de testamentos y otros actos extrajudiciales, conforme a las leyes.', 'notarias, notario', 'Amunategui Nº 361, Santiago Centro', 'Jurisdicción: Santiago, Qta Normal, E.Central, Independencia, Renca, Recoleta,Quilicura, Conchalí, Pudahue,Cerro Navia, Providencia', 0, 0, '', '-33.4395033', '-70.65658309999999\n', '', '', '2- 2695 9570', '2- 2698 4981', 'jmorande@notariamorandeorrego.cl', '', 'Lunes a Viernes 09:00 a 18:30 hrs.', 'si', 'no', '0000-00-00', '', '', 'activo'),
(3497, 3, 16, 70, '2017-02-15 20:40:14', 'Zaldívar Mackenna Patricio', 'Funcionario público autorizado para dar fe de testamentos y otros actos extrajudiciales, conforme a las leyes.', 'notarias, notario', 'Bandera Nº 341 Of.756, Santiago Centro ', 'Jurisdicción: Santiago, Qta Normal, E.Central, Independencia, Renca, Recoleta,Quilicura, Conchalí, Pudahue,Cerro Navia, Providencia', 0, 0, '', '-33.4392766', '-70.6521697\n', 'www.notariazaldivar.cl', '', '2- 2892 7200', '', 'pzm@notariazaldivar.cl', '', 'Lunes a Viernes 09:00 a 18:30 hrs.', 'si', 'no', '0000-00-00', '', '', 'activo'),
(3498, 3, 16, 70, '2017-02-15 20:40:14', 'Reveco Hormazábal Pedro', 'Funcionario público autorizado para dar fe de testamentos y otros actos extrajudiciales, conforme a las leyes.', 'notarias, notario', 'Bandera Nº 341 Of.352, Santiago Centro  ', 'Jurisdicción: Santiago, Qta Normal, E.Central, Independencia, Renca, Recoleta,Quilicura, Conchalí, Pudahue,Cerro Navia, Providencia', 0, 0, '', '-33.4392766', '-70.6521697\n', 'www.notariareveco.cl', '', '2- 2696 6187', '', 'rreveco@notariareveco.cl', '', 'Lunes a Viernes 09:00 a 18:30 hrs.', 'si', 'no', '0000-00-00', '', '', 'activo'),
(3499, 3, 16, 70, '2017-02-15 20:40:14', 'Bosch Jiménez Linda', 'Funcionario público autorizado para dar fe de testamentos y otros actos extrajudiciales, conforme a las leyes.', 'notarias, notario', 'Amunátegui Nº 333, Santiago Centro    ', 'Jurisdicción: Santiago, Qta Normal, E.Central, Independencia, Renca, Recoleta,Quilicura, Conchalí, Pudahue,Cerro Navia, Providencia', 0, 0, '', '-33.4397824', '-70.6565452\n', '', '', '2- 2698 4564', '2- 2672 5608', 'sbosch@notariabosch.cl', '', 'Lunes a Viernes 09:00 a 18:30 hrs.', 'si', 'no', '0000-00-00', '', '', 'activo'),
(3500, 3, 16, 70, '2017-02-15 20:40:14', 'Amigo Arancibia Myriam', 'Funcionario público autorizado para dar fe de testamentos y otros actos extrajudiciales, conforme a las leyes.', 'notarias, notario', 'Miraflores N° 169, Santiago Centro', 'Jurisdicción: Santiago, Qta Normal, E.Central, Independencia, Renca, Recoleta,Quilicura, Conchalí, Pudahue,Cerro Navia, Providencia', 0, 0, '', '-33.4406396', '-70.6451428\n', 'www.notariamyriamigo.cl', '', '2- 2706 4900 ', '', 'info@notariamyriamamigo.cl', '', 'Lunes a Viernes 09:00 a 18:30 hrs.', 'si', 'no', '0000-00-00', '', '', 'activo'),
(3501, 3, 16, 70, '2017-02-15 20:40:14', 'González Carvallo Renata', 'Funcionario público autorizado para dar fe de testamentos y otros actos extrajudiciales, conforme a las leyes.', 'notarias, notario', 'Catedral Nº 1267, Santiago Centro', 'Jurisdicción: Santiago, Qta Normal, E.Central, Independencia, Renca, Recoleta,Quilicura, Conchalí, Pudahue,Cerro Navia, Providencia', 0, 0, '', '-33.4376798', '-70.6549869\n', '', '', '2- 2662 1831', '2-2662 1832', 'escrituras@notariarenatagonzalez.cl', '', 'Lunes a Viernes 09:00 a 18:30 hrs.', 'si', 'no', '0000-00-00', '', '', 'activo'),
(3502, 3, 16, 70, '2017-02-15 20:40:14', 'Almarza Varas Manuel', 'Funcionario público autorizado para dar fe de testamentos y otros actos extrajudiciales, conforme a las leyes.', 'notarias, notario', 'Compañía Nº 1068 Of.395, Santiago Centro  ', 'Jurisdicción: Santiago, Qta Normal, E.Central, Independencia, Renca, Recoleta,Quilicura, Conchalí, Pudahue,Cerro Navia, Providencia', 0, 0, '', '-33.4419412', '-70.6920992\n', '', '', '2- 2696 6530', '', 'not.almarza@gmail.com', '', 'Lunes a Viernes 09:00 a 18:30 hrs.', 'si', 'no', '0000-00-00', '', '', 'activo'),
(3503, 3, 16, 70, '2017-02-15 20:40:14', 'Quezada Moreno Humberto', 'Funcionario público autorizado para dar fe de testamentos y otros actos extrajudiciales, conforme a las leyes.', 'notarias, notario', 'Huérfanos Nº 835 2ºPiso, Santiago Centro ', 'Jurisdicción: Santiago, Qta Normal, E.Central, Independencia, Renca, Recoleta,Quilicura, Conchalí, Pudahue,Cerro Navia, Providencia', 0, 0, '', '-33.4390463', '-70.64875200000002\n', 'www.notariaquezada.cl', '', '2- 2784 2400', '', 'hqm@notariaquezada.cl', '', 'Lunes a Viernes 09:00 a 18:30 hrs.', 'si', 'no', '0000-00-00', '', '', 'activo'),
(3504, 3, 16, 70, '2017-02-15 20:40:14', 'Undurraga Laso Raúl ', 'Funcionario público autorizado para dar fe de testamentos y otros actos extrajudiciales, conforme a las leyes.', 'notarias, notario', 'Mac Iver  Nº 225 Of. 302, Santiago Centro     ', 'Jurisdicción: Santiago, Qta Normal, E.Central, Independencia, Renca, Recoleta,Quilicura, Conchalí, Pudahue,Cerro Navia, Providencia', 0, 0, '', '-33.4400157', '-70.64655549999999\n', '', '', '2- 2633 5225', '2- 2639 7980', 'not.undurraga@entelchile.net', '', 'Lunes a Viernes 09:00 a 18:30 hrs.', 'si', 'no', '0000-00-00', '', '', 'activo'),
(3505, 3, 16, 70, '2017-02-15 20:40:14', 'Unzueta Rivas Jorge (Interino)', 'Funcionario público autorizado para dar fe de testamentos y otros actos extrajudiciales, conforme a las leyes.', 'notarias, notario', '', 'Jurisdicción: Santiago, Qta Normal, E.Central, Independencia, Renca, Recoleta,Quilicura, Conchalí, Pudahue,Cerro Navia, Providencia', 0, 0, '', '-33.3487768', '-70.7288123\n', '', '', '2-2633 3672', '2- 2639 2289', 'q.santibamez@notariasantibanez.cl', '', 'Lunes a Viernes 09:00 a 18:30 hrs.', 'si', 'no', '0000-00-00', '', '', 'activo'),
(3506, 3, 16, 70, '2017-02-15 20:40:14', 'Schneider Moenne Locooz Olimpia', 'Funcionario público autorizado para dar fe de testamentos y otros actos extrajudiciales, conforme a las leyes.', 'notarias, notario', 'Huérfanos Nº 1055 Lc.328, Santiago Centro', 'Jurisdicción: Santiago, Qta Normal, E.Central, Independencia, Renca, Recoleta,Quilicura, Conchalí, Pudahue,Cerro Navia, Providencia', 0, 0, '', '-33.4396677', '-70.6516342\n', '', '', '2- 2672 3008 ', '2- 2671 8326', 'notariaschneider@tie.cl', '', 'Lunes a Viernes 09:00 a 18:30 hrs.', 'si', 'no', '0000-00-00', '', '', 'activo'),
(3507, 3, 16, 70, '2017-02-15 20:40:14', '32 Notaria Francisco Javier Varas Fernández', 'Funcionario público autorizado para dar fe de testamentos y otros actos extrajudiciales, conforme a las leyes.', 'notarias, notario', 'Phillips 23, Santiago Centro   ', 'Jurisdicción: Santiago, Qta Normal, E.Central, Independencia, Renca, Recoleta,Quilicura, Conchalí, Pudahue,Cerro Navia, Providencia', 0, 0, '', '-33.4374456', '-70.6493794\n', 'www.notariafranciscovaras.cl ', '', '2-2638 1270', '', 'fvaras@notariafranciscovaras.cl', '', 'Lunes a Viernes 09:00 a 18:30 hrs.', 'si', 'no', '0000-00-00', '', '', 'activo'),
(3508, 3, 16, 70, '2017-02-15 20:40:14', 'Torrealba Acevedo Iván ', 'Funcionario público autorizado para dar fe de testamentos y otros actos extrajudiciales, conforme a las leyes.', 'notarias, notario', 'Huérfanos Nº 979  5º Piso  Of.501, Stgo. Centro       ', 'Jurisdicción: Santiago, Qta Normal, E.Central, Independencia, Renca, Recoleta,Quilicura, Conchalí, Pudahue,Cerro Navia, Providencia', 0, 0, '', '-33.4395662', '-70.65063510000002\n', '', '', '2- 2898 9800', '', 'info@notariatorrealba.cl', '', 'Lunes a Viernes 09:00 a 18:30 hrs.', 'si', 'no', '0000-00-00', '', '', 'activo'),
(3509, 3, 16, 70, '2017-02-15 20:40:14', 'Torres Seguel Elena', 'Funcionario público autorizado para dar fe de testamentos y otros actos extrajudiciales, conforme a las leyes.', 'notarias, notario', 'Av. Pdte.Bulnes Nº 141, Santiago Centro', 'Jurisdicción: Santiago, Qta Normal, E.Central, Independencia, Renca, Recoleta,Quilicura, Conchalí, Pudahue,Cerro Navia, Providencia', 0, 0, '', '-33.3598421', '-70.74307089999999\n', '', '', '2- 2671 1228', '', 'notariaelenatorres@gmai.com', '', 'Lunes a Viernes 09:00 a 18:30 hrs.', 'si', 'no', '0000-00-00', '', '', 'activo'),
(3510, 3, 16, 70, '2017-02-15 20:40:14', 'Carmona Barrales Sergio', 'Funcionario público autorizado para dar fe de testamentos y otros actos extrajudiciales, conforme a las leyes.', 'notarias, notario', 'Ahumada Nº 312 Piso 2, Santiago Centro    ', 'Jurisdicción: Santiago, Qta Normal, E.Central, Independencia, Renca, Recoleta,Quilicura, Conchalí, Pudahue,Cerro Navia, Providencia', 0, 0, '', '-33.4394713', '-70.65101989999999\n', '', '', '2- 2671 5438', '', 'notariassergiocarmona@gmail.com', '', 'Lunes a Viernes 09:00 a 18:30 hrs.', 'si', 'no', '0000-00-00', '', '', 'activo'),
(3511, 3, 16, 70, '2017-02-15 20:40:14', 'De La Fuente Hernández Nancy', 'Funcionario público autorizado para dar fe de testamentos y otros actos extrajudiciales, conforme a las leyes.', 'notarias, notario', 'Huérfanos Nº 1117 Of.1014, Santiago Centro', 'Jurisdicción: Santiago, Qta Normal, E.Central, Independencia, Renca, Recoleta,Quilicura, Conchalí, Pudahue,Cerro Navia, Providencia', 0, 0, '', '-33.4395899', '-70.65271079999999\n', 'www.notariadelafuente.cl', '', '2- 2768 5000', '', 'notaria@notariadelafuente.cl', '', 'Lunes a Viernes 09:00 a 18:30 hrs.', 'si', 'no', '0000-00-00', '', '', 'activo'),
(3512, 3, 16, 70, '2017-02-15 20:40:14', 'De La Cuadra Fabres Gonzalo', 'Funcionario público autorizado para dar fe de testamentos y otros actos extrajudiciales, conforme a las leyes.', 'notarias, notario', 'Bandera Nº 84 Of. 204, Santiago Centro   ', 'Jurisdicción: Santiago, Qta Normal, E.Central, Independencia, Renca, Recoleta,Quilicura, Conchalí, Pudahue,Cerro Navia, Providencia', 0, 0, '', '-33.4423358', '-70.65203169999999\n', 'www.notaria38.cl', '', '2- 2672 1723', '2- 2671 0845', 'notario@notaria38.cl', '', 'Lunes a Viernes 09:00 a 18:30 hrs.', 'si', 'no', '0000-00-00', '', '', 'activo'),
(3513, 3, 16, 70, '2017-02-15 20:40:14', 'Mozó Aguilar Alberto', 'Funcionario público autorizado para dar fe de testamentos y otros actos extrajudiciales, conforme a las leyes.', 'notarias, notario', 'Teatinos N° 332, Santiago Centro', 'Jurisdicción: Santiago, Qta Normal, E.Central, Independencia, Renca, Recoleta,Quilicura, Conchalí, Pudahue,Cerro Navia, Providencia', 0, 0, '', '-33.4397206', '-70.6552545\n', '', '', '2- 2698 4264', '2- 2695 6916', 'andrea@notariamozo.cl', '', 'Lunes a Viernes 09:00 a 18:30 hrs.', 'si', 'no', '0000-00-00', '', '', 'activo'),
(3514, 3, 16, 70, '2017-02-15 20:40:14', 'Jara Cadot Félix', 'Funcionario público autorizado para dar fe de testamentos y otros actos extrajudiciales, conforme a las leyes.', 'notarias, notario', 'Huérfanos Nº 1160 Lc.11-12, Santiago Centro', 'Jurisdicción: Santiago, Qta Normal, E.Central, Independencia, Renca, Recoleta,Quilicura, Conchalí, Pudahue,Cerro Navia, Providencia', 0, 0, '', '-33.4399766', '-70.6531155\n', '', '', '2-2674 4600 ', '2-2674 4615', 'info@notariafjc.cl', '', 'Lunes a Viernes 09:00 a 18:30 hrs.', 'si', 'no', '0000-00-00', '', '', 'activo'),
(3515, 3, 16, 70, '2017-02-15 20:40:14', 'Acharán Toledo Gloria', 'Funcionario público autorizado para dar fe de testamentos y otros actos extrajudiciales, conforme a las leyes.', 'notarias, notario', 'Matías Cousiño Nº 150 of. 647 piso 6, Stgo. Centro', 'Jurisdicción: Santiago, Qta Normal, E.Central, Independencia, Renca, Recoleta,Quilicura, Conchalí, Pudahue,Cerro Navia, Providencia', 0, 0, '', '-33.4412879', '-70.64992889999999\n', '', '', '2-2490 3700', '', 'gat@notaria-acharan.cl', '', 'Lunes a Viernes 09:00 a 18:30 hrs.', 'si', 'no', '0000-00-00', '', '', 'activo'),
(3516, 3, 16, 70, '2017-02-15 20:40:14', 'San Martin Urrejola Ricardo', 'Funcionario público autorizado para dar fe de testamentos y otros actos extrajudiciales, conforme a las leyes.', 'notarias, notario', 'Huérfanos Nº 835 Piso 18, Santiago', 'Jurisdicción: Santiago, Qta Normal, E.Central, Independencia, Renca, Recoleta,Quilicura, Conchalí, Pudahue,Cerro Navia, Providencia', 0, 0, '', '-33.4390463', '-70.64875200000002\n', '', '', '2-2898 5900', '', 'notaria@notariassanmartin.cl', '', 'Lunes a Viernes 09:00 a 18:30 hrs.', 'si', 'no', '0000-00-00', '', '', 'activo'),
(3517, 3, 16, 70, '2017-02-15 20:40:14', 'Sadá Azar Pedro', 'Funcionario público autorizado para dar fe de testamentos y otros actos extrajudiciales, conforme a las leyes.', 'notarias, notario', 'Ahumada Nº 254 Of. 401, Santiago Centro  ', 'Jurisdicción: Santiago, Qta Normal, E.Central, Independencia, Renca, Recoleta,Quilicura, Conchalí, Pudahue,Cerro Navia, Providencia', 0, 0, '', '-33.4401666', '-70.6509983\n', '', '', '2-2695 3038', '2-2695 2972', 'notariapedrosada@gmail.com', '', 'Lunes a Viernes 09:00 a 18:30 hrs.', 'si', 'no', '0000-00-00', '', '', 'activo'),
(3518, 3, 16, 70, '2017-02-15 20:40:14', 'Benavente Cash René Fco Alamos (suplente)', 'Funcionario público autorizado para dar fe de testamentos y otros actos extrajudiciales, conforme a las leyes.', 'notarias, notario', 'Huérfanos Nº 979, 7º Piso, Stgo Centro  ', 'Jurisdicción: Santiago, Qta Normal, E.Central, Independencia, Renca, Recoleta,Quilicura, Conchalí, Pudahue,Cerro Navia, Providencia', 0, 0, '', '-33.4395662', '-70.65063510000002\n', '', '', '2-2940 1400', '2-2940 1410', 'rene@notariabenavente.cl', '', 'Lunes a Viernes 09:00 a 18:30 hrs.', 'si', 'no', '0000-00-00', '', '', 'activo'),
(3519, 3, 16, 70, '2017-02-15 20:40:14', 'Notaria Roberto Antonio Cifuentes Allel', 'Funcionario público autorizado para dar fe de testamentos y otros actos extrajudiciales, conforme a las leyes.', 'notarias, notario', 'Avda Apoquindo 3076', 'Jurisdicción: Santiago, Qta Normal, E.Central, Independencia, Renca, Recoleta,Quilicura, Conchalí, Pudahue,Cerro Navia, Providencia', 0, 0, '', '-33.4392999', '-70.6477455\n', 'www.notariacifuentes.cl', '', '2-2427 2800', '', 'secretaria@notariacifuentes.cl', '', 'Lunes a Viernes de 9:15 a 13:30 hrs. y en la tarde de 14:45 a las 18:00 hrs.', 'si', 'no', '0000-00-00', '', '', 'activo'),
(3520, 3, 16, 70, '2017-02-15 20:40:14', '49 Notaria Wladimir Schramm López', 'Funcionario público autorizado para dar fe de testamentos y otros actos extrajudiciales, conforme a las leyes.', 'notarias, notario', 'Amunátegui 391 Local 1', 'Jurisdicción: Santiago, Qta Normal, E.Central, Independencia, Renca, Recoleta,Quilicura, Conchalí, Pudahue,Cerro Navia, Providencia', 0, 0, '', '-33.4377605', '-70.64974819999999\n', '', '', '2-2889 3900', '', 'notario@49notaria.cl', '', 'Lunes a Viernes 09:00 a 18:30 hrs.', 'si', 'no', '0000-00-00', '', '', 'activo'),
(3521, 3, 16, 70, '2017-02-15 20:40:14', 'Contreras Fuentes Carlos ( Interino)', 'Funcionario público autorizado para dar fe de testamentos y otros actos extrajudiciales, conforme a las leyes.', 'notarias, notario', 'Amunátegui N° 270, Santiago Centro', 'Jurisdicción: Santiago, Qta Normal, E.Central, Independencia, Renca, Recoleta,Quilicura, Conchalí, Pudahue,Cerro Navia, Providencia', 0, 0, '', '-33.4405415', '-70.65643639999999\n', '', '', '2-2409 0241 ', '2-2407 1856', 'pablo.notariadunlop@gmail.com', '', 'Lunes a Viernes 09:00 a 18:30 hrs.', 'si', 'no', '0000-00-00', '', '', 'activo'),
(4163, 3, 16, 191, '2017-02-17 18:58:06', 'Abuter Game Alejandro', 'Jurisdicción: Penco.', 'notarias, notario', 'Penco 150', 'Funcionario público autorizado para dar fe de testamentos y otros actos extrajudiciales, conforme a las leyes.', 0, 0, '', '-36.7380163', '-72.9950506\n', '', '', '41-245 8108', '', 'notariapenco@gmail.com', '', 'Lunes a Viernes 09:00 a 18:30 hrs.', 'si', 'no', '0000-00-00', '', '', 'activo'),
(4164, 3, 16, 189, '2017-02-17 18:58:06', 'Santibañez Torres Gastón', 'Jurisdicción: Talcahuano, Hualpén.', 'notarias, notario', 'J. Alessandri  Nº3177 Loc.G-108/109 Mall el Trebol, Talcahuano', 'Funcionario público autorizado para dar fe de testamentos y otros actos extrajudiciales, conforme a las leyes.', 0, 0, '', '-36.7795534', '-73.0585889\n', 'www.notariasantibanez.cl', '', '41-256 3798', '41-256 3799', 'contacto@notariagsantibanez.cl', '', 'Lunes a Viernes 09:00 a 18:30 hrs.', 'si', 'no', '0000-00-00', '', '', 'activo'),
(4165, 3, 16, 189, '2017-02-17 18:58:06', 'Retamal Becerra Omar', 'Jurisdicción: Talcahuano, Hualpén.', 'notarias, notario', 'Av. Colón Nº403, L. 106, Talcahuano', 'Funcionario público autorizado para dar fe de testamentos y otros actos extrajudiciales, conforme a las leyes.', 0, 0, '', '-36.7137937', '-73.1128209\n', '', '', '41-254 0481  ', '41-254 2790', 'notariaretamaltalcahuano@gmail.com', '', 'Lunes a Viernes 09:00 a 18:30 hrs.', 'si', 'no', '0000-00-00', '', '', 'activo'),
(4166, 3, 16, 189, '2017-02-17 18:58:06', 'Arias Garrido Juan', 'Jurisdicción: Talcahuano, Hualpén.', 'notarias, notario', 'Covadonga Nº55, Talcahuano', 'Funcionario público autorizado para dar fe de testamentos y otros actos extrajudiciales, conforme a las leyes.', 0, 0, '', '-36.7144205', '-73.11131809999999\n', '', '', '41-254 7010', '41-254 7064 ', 'notarias@tie.cl', '', 'Lunes a Viernes 09:00 a 18:30 hrs.', 'si', 'no', '0000-00-00', '', '', 'activo'),
(4167, 3, 16, 350, '2017-02-17 18:58:06', 'Salgado Sépulveda Ricardo', 'Jurisdicción: Talcahuano, Hualpén.', 'notarias, notario', 'Autopista Concepción 9000 Loc. 22,Hualpén', 'Funcionario público autorizado para dar fe de testamentos y otros actos extrajudiciales, conforme a las leyes.', 0, 0, '', '-36.7911711', '-73.0707724\n', '', '', '41-248 0468', '41-248 0465', 'notario@notariasalgado.cl', '', 'Lunes a Viernes 09:00 a 18:30 hrs.', 'si', 'no', '0000-00-00', '', '', 'activo'),
(4168, 3, 16, 193, '2017-02-17 18:58:06', 'Moscoso Bustamante Ricardo', 'Jurisdicción: Florida.', 'notarias, notario', 'Ignacio Serrano Nº 740, Florida', 'Funcionario público autorizado para dar fe de testamentos y otros actos extrajudiciales, conforme a las leyes.', 0, 0, '', '-36.8247729', '-72.6619706\n', '', '', '41-264 5309 ', '41-224 1420', 'notariaflorida@vtr.net', '', 'Lunes a Viernes 09:00 a 18:30 hrs.', 'si', 'no', '0000-00-00', '', '', 'activo'),
(4169, 3, 16, 196, '2017-02-17 18:58:06', 'Gónzalez Barrientos Maria Isabel', 'Jurisdicción: Santa Juana.', 'notarias, notario', 'Yungay Nº278, Santa Juana', 'Funcionario público autorizado para dar fe de testamentos y otros actos extrajudiciales, conforme a las leyes.', 0, 0, '', '-33.4287979', '-70.6678601\n', '', '', '41-277 9231 ', '41-277 8325', 'mig@telmexnegocios.cl', '', 'Lunes a Viernes 09:00 a 18:30 hrs.', 'si', 'no', '0000-00-00', '', '', 'activo'),
(4170, 3, 16, 195, '2017-02-17 18:58:06', 'Abuter Game Alejandro', 'Jurisdicción: Lota.', 'notarias, notario', 'A. Prat N° 112 of. 6 y 7 piso 2, Lota Bajo', 'Funcionario público autorizado para dar fe de testamentos y otros actos extrajudiciales, conforme a las leyes.', 0, 0, '', '-37.0949603', '-73.1564128\n', '', '', '41-287 6277', '41-287 7517', 'notarialota@tie.cl', '', 'Lunes a Viernes 09:00 a 18:30 hrs.', 'si', 'no', '0000-00-00', '', '', 'activo'),
(4171, 3, 16, 194, '2017-02-17 18:58:06', 'Rojas Luna Ingrid ', 'Jurisdicción: Coronel.', 'notarias, notario', 'Sotomayor Nº 520, Coronel', 'Funcionario público autorizado para dar fe de testamentos y otros actos extrajudiciales, conforme a las leyes.', 0, 0, '', '-37.0270618', '-73.1462928\n', '', '', '41-271 4926 ', '41-277 0767 ', 'ingridrojasluna@gmail.com', '', 'Lunes a Viernes 09:00 a 18:30 hrs.', 'si', 'no', '0000-00-00', '', '', 'activo'),
(4172, 3, 16, 194, '2017-02-17 18:58:06', 'Arriagada Basaur René', 'Jurisdicción: Coronel.', 'notarias, notario', 'Cochrane N° 130 Piso 2, Coronel', 'Funcionario público autorizado para dar fe de testamentos y otros actos extrajudiciales, conforme a las leyes.', 0, 0, '', '-37.0281436', '-73.1462634\n', '', '', '41-2183731 ', '41-2183732', 'notaria.coronel@gmail.com', '', 'Lunes a Viernes 09:00 a 18:30 hrs.', 'si', 'no', '0000-00-00', '', '', 'activo'),
(4173, 3, 16, 204, '2017-02-17 18:58:06', 'Gándara Riveros Pablo ', 'Jurisdicción: Los Angeles, Antuco, Quilleco.', 'notarias, notario', 'Lautaro 371', 'Funcionario público autorizado para dar fe de testamentos y otros actos extrajudiciales, conforme a las leyes.', 0, 0, '', '-37.4576879', '-72.3500057\n', '', '', '43-231 1318 ', '43-232 0412', 'pablogandara@hotmail.com ', '', 'Lunes a Viernes de 09:00 a 16:00 hrs.', 'si', 'no', '0000-00-00', '', '', 'activo'),
(4174, 3, 16, 204, '2017-02-17 18:58:06', 'Parra Fuentealba Selim', 'Jurisdicción: Los Angeles, Antuco, Quilleco.', 'notarias, notario', 'Lautaro Nº 325 Local 4 y 5, Los Angeles', 'Funcionario público autorizado para dar fe de testamentos y otros actos extrajudiciales, conforme a las leyes.', 0, 0, '', '-37.4701708', '-72.35007969999999\n', '', '', '43-252 4149', '', 'notariaparra1@gmail.com', '', 'Lunes a Viernes 09:00 a 18:30 hrs.', 'si', 'no', '0000-00-00', '', '', 'activo'),
(4175, 3, 16, 204, '2017-02-17 18:58:06', 'Carrillo Flores Maria Antonieta', 'Jurisdicción: Los Angeles, Antuco, Quilleco.', 'notarias, notario', 'Lautaro Nº 361, Los Angeles', 'Funcionario público autorizado para dar fe de testamentos y otros actos extrajudiciales, conforme a las leyes.', 0, 0, '', '-37.4701972', '-72.35023529999999\n', '', '', '43-263 0857 ', '43-263 0858 ', 'contacto@notariacarrillo.cl', '', 'Lunes a Viernes 09:00 a 18:30 hrs.', 'si', 'no', '0000-00-00', '', '', 'activo'),
(4176, 3, 16, 204, '2017-02-17 18:58:06', 'Navarrete Villegas Luis Gonzalo', 'Jurisdicción: Los Angeles, Antuco, Quilleco.', 'notarias, notario', 'Caupolicán N° 355, Los Angeles', 'Funcionario público autorizado para dar fe de testamentos y otros actos extrajudiciales, conforme a las leyes.', 0, 0, '', '-37.4712971', '-72.3499849\n', '', '', '43-257 1890', '43-257 1893', 'notaria@notarianavarrete.cl', '', 'Lunes a Viernes 09:00 a 18:30 hrs.', 'si', 'no', '0000-00-00', '', '', 'activo'),
(4177, 3, 16, 205, '2017-02-17 18:58:06', 'Notaria Rodrigo Orlando Cantuarias Costa', 'Jurisdicción: Santa Bárbara, Alto Bio Bio.', 'notarias, notario', 'O\'Higgins 260', 'Funcionario público autorizado para dar fe de testamentos y otros actos extrajudiciales, conforme a las leyes.', 0, 0, '', '-37.669666', '-72.0235632\n', '', '', '43 2578893', '', 'notariasantabarbara@gmail.com', '', 'Lunes a Viernes 09:00 a 18:30 hrs.', 'si', 'no', '0000-00-00', '', '', 'activo'),
(4178, 3, 16, 214, '2017-02-17 18:58:06', 'Figueroa Varas Hugo', 'Jurisdicción: Mulchén, Quilaco.', 'notarias, notario', 'Anibal Pinto Nº 329, Mulchén', 'Funcionario público autorizado para dar fe de testamentos y otros actos extrajudiciales, conforme a las leyes.', 0, 0, '', '', '', '', '', '43-256 1447', '', 'mulchen.notaria@gmail.com', '', 'Lunes a Viernes 09:00 a 18:30 hrs.', 'no', 'no', '0000-00-00', '', '', 'activo'),
(4179, 3, 16, 210, '2017-02-17 18:58:06', 'Puga Lozano Juan Antonio', 'Jurisdicción: Laja, San Rosendo.', 'notarias, notario', 'Balmaceda Nº 415, Laja', 'Funcionario público autorizado para dar fe de testamentos y otros actos extrajudiciales, conforme a las leyes.', 0, 0, '', '-37.2786671', '-72.7160952\n', '', '', '43-246 1267', '43-246 9428', 'cbrlaja@adsl.tie.cl', '', 'Lunes a Viernes: 9:00 a 14:00 y en la tarde 15:00 a 18:00 hrs.', 'si', 'no', '0000-00-00', '', '', 'activo'),
(4180, 3, 16, 207, '2017-02-17 18:58:06', 'Sepílveda Navarrete América', 'Jurisdicción: Yumbel.', 'notarias, notario', 'Cruz Nº 680, Yumbel', 'Funcionario público autorizado para dar fe de testamentos y otros actos extrajudiciales, conforme a las leyes.', 0, 0, '', '-37.0967439', '-72.5632009\n', '', '', '43-243 1061', '', 'notariayumbel@gmai.com', '', 'Lunes a Viernes 09:00 a 18:30 hrs.', 'si', 'no', '0000-00-00', '', '', 'activo'),
(4181, 3, 16, 208, '2017-02-17 18:58:06', 'Miranda Córdova Ernesto', 'Jurisdicción: Cabrero.', 'notarias, notario', 'Avenida Vial N°199, Cabrero', 'Funcionario público autorizado para dar fe de testamentos y otros actos extrajudiciales, conforme a las leyes.', 0, 0, '', '-37.0360717', '-72.3993509\n', '', '', '43-241 0405', '43-241 0556', 'notariaernestomiranda@gmail.com', '', 'Lunes a Viernes de 09:00 a 14:00 y de 15:00 a 18:00 horas.', 'si', 'no', '0000-00-00', '', '', 'activo'),
(4182, 3, 16, 199, '2017-02-17 18:58:06', 'Gillet Bebin Jorge ', 'Jurisdicción: Lebu, Los Alamos.', 'notarias, notario', 'Alcazar Nº 189 - B, Lebu', 'Funcionario público autorizado para dar fe de testamentos y otros actos extrajudiciales, conforme a las leyes.', 0, 0, '', '-37.6064478', '-73.65311269999999\n', '', '', '41-251 1276', '', 'notarialebu@gmail.com', '', 'Lunes a Viernes 09:00 a 18:30 hrs.', 'si', 'no', '0000-00-00', '', '', 'activo'),
(4183, 3, 16, 198, '2017-02-17 18:58:06', 'Podlech Romero Anfión', 'Jurisdicción: Arauco.', 'notarias, notario', 'Cochrane Nº 337, Arauco', 'Funcionario público autorizado para dar fe de testamentos y otros actos extrajudiciales, conforme a las leyes.', 0, 0, '', '-37.2455499', '-73.3244687\n', '', '', '41-255 1239', '', 'notarauco@gmail.com', '', 'Lunes a Viernes 09:00 a 18:30 hrs.', 'si', 'no', '0000-00-00', '', '', 'activo'),
(4184, 3, 16, 197, '2017-02-17 18:58:06', 'Avila Urrutia Néstor Alejandro', 'Jurisdicción: Curanilahue.', 'notarias, notario', 'Balmaceda Nº40, Curanilahue', 'Funcionario público autorizado para dar fe de testamentos y otros actos extrajudiciales, conforme a las leyes.', 0, 0, '', '-33.4702129', '-70.71124069999999\n', '', '', '41-269 0133', '41-269 0132', 'nestoravilau@gmail.com', '', 'Lunes a Viernes 09:00 a 18:30 hrs.', 'si', 'no', '0000-00-00', '', '', 'activo'),
(4185, 3, 16, 201, '2017-02-17 18:58:06', 'Pommiez llufi Marcel', 'Jurisdicción: Cañete, Contulmo, Tirúa.', 'notarias, notario', 'Esmeralda Nº 280, Cañete', 'Funcionario público autorizado para dar fe de testamentos y otros actos extrajudiciales, conforme a las leyes.', 0, 0, '', '-37.7993072', '-73.3977749\n', '', '', '41-261 2306 ', '', 'notariacanete@gmail.com', '', 'Lunes a Viernes 09:00 a 18:30 hrs.', 'si', 'no', '0000-00-00', '', '', 'activo'),
(4186, 3, 16, 216, '2017-02-17 18:58:06', 'Cortés Gasaui Gerardo', 'Jurisdicción: Angol, Renaico.', 'notarias, notario', 'Arturo Prat N°155, Angol', 'Funcionario público autorizado para dar fe de testamentos y otros actos extrajudiciales, conforme a las leyes.', 0, 0, '', '-37.798722', '-72.70478609999999\n', 'www.notariacortes.cl', '', '45-271 1116', '', 'notaria.angol@gmail.com', '', 'Lunes a Viernes 09:00 a 18:30 hrs.', 'si', 'no', '0000-00-00', '', '', 'activo'),
(4187, 3, 16, 216, '2017-02-17 18:58:06', 'Vidal Moraga Esmira', 'Jurisdicción: Angol, Renaico.', 'notarias, notario', 'M. Bunster Nº 341, Angol', 'Funcionario público autorizado para dar fe de testamentos y otros actos extrajudiciales, conforme a las leyes.', 0, 0, '', '-37.8126071', '-72.706875\n', '', '', '45-271 7422', '', 'segundanotariaangol@gmail.com', '', 'Lunes a Viernes 09:00 a 18:30 hrs.', 'si', 'no', '0000-00-00', '', '', 'activo'),
(4188, 3, 16, 220, '2017-02-17 18:58:06', 'Notaria Hugo Alberto Marín Díaz', 'Jurisdicción: Collipulli, Ercilla.', 'notarias, notario', 'Alcázar 1175', 'Funcionario público autorizado para dar fe de testamentos y otros actos extrajudiciales, conforme a las leyes.', 0, 0, '', '', '', '', '', '45-281 1064', '', 'notcollipulli@hotmail.com', '', 'Lunes a Viernes 09:00 a 13:00 hrs. y tarde de 15:00 a 17:30 hrs.', 'no', 'no', '0000-00-00', '', '', 'activo'),
(4189, 3, 16, 225, '2017-02-17 18:58:06', 'Pezoa Contreras Maria Elena', 'Jurisdicción: Curacautín, Lonquimay.', 'notarias, notario', '', 'Funcionario público autorizado para dar fe de testamentos y otros actos extrajudiciales, conforme a las leyes.', 0, 0, '', '-38.4370587', '-71.8768468\n', '', '', '45-288 1177', '', 'notariacuracautin@tie.cl', '', 'Lunes a Viernes 09:00 a 18:30 hrs.', 'si', 'no', '0000-00-00', '', '', 'activo'),
(4190, 3, 16, 224, '2017-02-17 18:58:06', 'Oyarce Birchmeier Federico', 'Jurisdicción: Victoria.', 'notarias, notario', 'Avda. Confederación Suiza Nº 1070, Victoria', 'Funcionario público autorizado para dar fe de testamentos y otros actos extrajudiciales, conforme a las leyes.', 0, 0, '', '-38.2331842', '-72.33222839999999\n', '', '', '45-284 1517', '', 'oyarcenotaria@gmail.com ', '', 'Lunes a Viernes:  9 a 13:30, 15 a 17 hrs.', 'si', 'no', '0000-00-00', '', '', 'activo'),
(4191, 3, 16, 222, '2017-02-17 18:58:06', 'Notaria Yusef Gerardo Hales Hott', 'Jurisdicción: Traiguén, Lumaco.', 'notarias, notario', 'Errázuriz 418, Traiguén', 'Funcionario público autorizado para dar fe de testamentos y otros actos extrajudiciales, conforme a las leyes.', 0, 0, '', '-38.2492212999999', '-72.6617256\n', 'notariatraiguen.cl', '', '45-286 1880', '', 'notaria.conservador.traiguen@gmail.com', '', 'Lunes a Viernes de 9:00 a 14:00 hrs. y Tarde de 15:00 a 17:30 hrs.', 'si', 'no', '0000-00-00', '', '', 'activo'),
(4192, 3, 16, 217, '2017-02-17 18:58:06', 'Roberto Cooper Aguilera', 'Jurisdicción: Purén, Los Sauces.', 'notarias, notario', 'Urrutia 470', 'Funcionario público autorizado para dar fe de testamentos y otros actos extrajudiciales, conforme a las leyes.', 0, 0, '', '', '', '', '', '45-320 3811', '', 'notariacooper2003@gmail.com', '', 'Lunes a Viernes 09:00 a 14:30 y de 15:00 a  16:30 hrs.', 'si', 'no', '0000-00-00', '', '', 'activo'),
(4193, 3, 16, 227, '2017-02-17 18:58:06', 'Basualto Bustamente Héctor', 'Jurisdicción: Temuco, Vilcún, Cunco, Freire, Padre Las Casas, Melipeuco.', 'notarias, notario', 'Antonio Varas Nº 854, Temuco', 'Funcionario público autorizado para dar fe de testamentos y otros actos extrajudiciales, conforme a las leyes.', 0, 0, '', '-38.7405842999999', '-72.5902352\n', '', '', '45- 227 4431', '45-221 0353', 'notariabasualto.notario@gmail.com', '', 'Lunes a Viernes 09:00 a 18:30 hrs.', 'si', 'no', '0000-00-00', '', '', 'activo'),
(4194, 3, 16, 227, '2017-02-17 18:58:06', 'Arlarcón Ramírez Carlos', 'Jurisdicción: Temuco, Vilcún, Cunco, Freire, Padre Las Casas, Melipeuco.', 'notarias, notario', 'Andres Bello Nº 911, Temuco', 'Funcionario público autorizado para dar fe de testamentos y otros actos extrajudiciales, conforme a las leyes.', 0, 0, '', '-38.7416607', '-72.5894737\n', '', '', '45-240 7810', '45-240 7811', 'notariacarlosalarcon@gmail.com', '', 'Lunes a Viernes 09:00 a 18:30 hrs.', 'si', 'no', '0000-00-00', '', '', 'activo'),
(4195, 3, 16, 227, '2017-02-17 18:58:06', 'Loyola Opazo Juan A.', 'Jurisdicción: Temuco, Vilcún, Cunco, Freire, Padre Las Casas, Melipeuco.', 'notarias, notario', 'Arturo Prat Nº 770, Temuco', 'Funcionario público autorizado para dar fe de testamentos y otros actos extrajudiciales, conforme a las leyes.', 0, 0, '', '-38.7410676', '-72.5911802\n', '', '', '45-221 1515', '', 'notarialoyola@gmail.com', '', 'Lunes a Viernes 09:00 a 18:30 hrs.', 'si', 'no', '0000-00-00', '', '', 'activo'),
(4196, 3, 16, 227, '2017-02-17 18:58:06', 'Tadres Hales Jorge', 'Jurisdicción: Temuco, Vilcún, Cunco, Freire, Padre Las Casas, Melipeuco.', 'notarias, notario', 'Antonio Varas Nº 976, Temuco', 'Funcionario público autorizado para dar fe de testamentos y otros actos extrajudiciales, conforme a las leyes.', 0, 0, '', '-38.7407554', '-72.5887195\n', 'www.notariatadres.cl', '', '45-221 3162', '', 'notario@notariatadres.cl', '', 'Lunes a Viernes 09:00 a 18:30 hrs.', 'si', 'no', '0000-00-00', '', '', 'activo'),
(4197, 3, 16, 227, '2017-02-17 18:58:06', 'Notaria Jessica Acuña G (interina)', 'Jurisdicción: Vilcún, Melipeuco, Cunco, Padre Las Casas, Freire .', 'notarias, notario', 'Claro Solar 831', 'Funcionario público autorizado para dar fe de testamentos y otros actos extrajudiciales, conforme a las leyes.', 0, 0, '', '-38.7393902', '-72.590227\n', '', '', '45 2407810', '45 2407811', 'notariacarlosalarcon@gmail.com ', '', 'Lunes a Viernes 09:00 a 13:00 hrs.', 'si', 'no', '0000-00-00', '', '', 'activo'),
(4198, 3, 16, 231, '2017-02-17 18:58:06', 'Suárez Castro Maria Antonieta', 'Jurisdicción: Lautaro, Galvarino, Perquenco.', 'notarias, notario', 'Manuel Antonio Matta Nº 962, Lautaro', 'Funcionario público autorizado para dar fe de testamentos y otros actos extrajudiciales, conforme a las leyes.', 0, 0, '', '-38.7444545', '-72.58373019999999\n', '', '', '45-253 1944', '', 'lautaronotaria@gmail.com', '', 'Lunes a Viernes 09:00 a 18:30 hrs.', 'si', 'no', '0000-00-00', '', '', 'activo'),
(4199, 3, 16, 241, '2017-02-17 18:58:06', 'Muñoz Flores Francisco Javier', 'Jurisdicción: Villarica.', 'notarias, notario', 'Pedro Montt Nº 305, Villarrica', 'Funcionario público autorizado para dar fe de testamentos y otros actos extrajudiciales, conforme a las leyes.', 0, 0, '', '-39.2809997', '-72.2242246\n', 'www.notariavillarica.cl', '', '45-241 1513', '45-241 4540', 'contacto@notariavillarica.cl', '', 'Lunes a Viernes 09:00 a 18:30 hrs.', 'si', 'no', '0000-00-00', '', '', 'activo'),
(4200, 3, 16, 237, '2017-02-17 18:58:06', 'Contardo Silva Maria Constancia', 'Jurisdicción: Pitrufquén, Gorbea.', 'notarias, notario', '5 de Abril Nº 810, Pitrufquén', 'Funcionario público autorizado para dar fe de testamentos y otros actos extrajudiciales, conforme a las leyes.', 0, 0, '', '-38.9877463', '-72.6358733\n', '', '', '45-239 1261', '45-239 2811', 'notariapitrufquen@gmail.com', '', 'Lunes a Viernes 09:00 a 18:30 hrs.', 'si', 'no', '0000-00-00', '', '', 'activo'),
(4201, 3, 16, 239, '2017-02-17 18:58:06', 'Valdebenito Salgado Alvaro Javier', 'Jurisdicción: Toltén, Queule.', 'notarias, notario', 'Reina Guillermina Nº 330, Nueva Toltén', 'Funcionario público autorizado para dar fe de testamentos y otros actos extrajudiciales, conforme a las leyes.', 0, 0, '', '-39.1797802', '-73.1688259\n', '', '', '45-267 1289 ', '', 'notariayconservadoratolten@gmail.com', '', 'Lunes a Viernes 09:00 a 18:30 hrs.', 'si', 'no', '0000-00-00', '', '', 'activo'),
(4202, 3, 16, 240, '2017-02-17 18:58:06', 'Vergara Williams M.Francisca', 'Jurisdicción: Loncoche.', 'notarias, notario', 'Barros Arana Nº 584, Loncoche', 'Funcionario público autorizado para dar fe de testamentos y otros actos extrajudiciales, conforme a las leyes.', 0, 0, '', '-39.3698495', '-72.63220149999999\n', '', '', '45-247 2677 ', '45-247 9026', 'conservadorloncoche@gmail.com', '', 'Lunes a Viernes 09:00 a 18:30 hrs.', 'si', 'no', '0000-00-00', '', '', 'activo');
INSERT INTO `tbl_publico_aviso` (`id_publico_aviso`, `id_usuario`, `id_publico_cate_sub`, `id_ciudad`, `fecha_crea`, `titulo_aviso`, `descripcion_aviso`, `tags_aviso`, `direccion_aviso`, `descripcion_corta`, `precio_aviso`, `precio_aviso_2`, `google_maps`, `latitud`, `longitud`, `sitio_web_aviso`, `video_aviso`, `fono_aviso`, `celu_aviso`, `email1_aviso`, `email2_aviso`, `horario_atencion`, `geoposicion`, `destacado_aviso`, `fecha_destacado`, `twitter`, `facebook`, `st_publico_aviso`) VALUES
(4203, 3, 16, 235, '2017-02-17 18:58:06', 'Peña Villaroel Maria ', 'Jurisdicción: Carahue, Puerto Saavedra.', 'notarias, notario', 'Villagran Nº 155, Carahue', 'Funcionario público autorizado para dar fe de testamentos y otros actos extrajudiciales, conforme a las leyes.', 0, 0, '', '-38.7106811', '-73.1562148\n', '', '', '45-265 1721', '', 'notariacarahue@gmail.com', '', 'Lunes a Viernes 09:00 a 18:30 hrs.', 'si', 'no', '0000-00-00', '', '', 'activo'),
(4204, 3, 16, 234, '2017-02-17 18:58:06', 'Mendoza Camus Luis', 'Jurisdicción: Nueva Imperial, Teodoro Smith, Cholchol.', 'notarias, notario', 'Ernesto Riquelme Nº 349, Nueva Imperial', 'Funcionario público autorizado para dar fe de testamentos y otros actos extrajudiciales, conforme a las leyes.', 0, 0, '', '', '', '', '', '45-246 3751', '45-246 3750', 'notimperial@gmail.com', '', 'Lunes a Viernes 09:00 a 18:30 hrs.', 'no', 'no', '0000-00-00', '', '', 'activo'),
(4205, 3, 16, 242, '2017-02-17 18:58:06', 'Espinoza Garrido Luis', 'Jurisdicción: Pucón, Curarrehue.', 'notarias, notario', 'Miguel Ansorena Nº 485, local 10, Pucón', 'Funcionario público autorizado para dar fe de testamentos y otros actos extrajudiciales, conforme a las leyes.', 0, 0, '', '-39.2771739', '-71.9742672\n', '', '', '45-244 1293', '', 'notariodepucon@gmail.com', '', 'Lunes a Viernes 09:00 a 18:30 hrs.', 'si', 'no', '0000-00-00', '', '', 'activo'),
(4206, 3, 16, 255, '2017-02-17 18:58:06', 'Dolmestch Urra José', 'Jurisdicción: Osorno, S.Pablo,Puyehue,Puerto,Octay, Entrelagos.', 'notarias, notario', 'Matta  Nº 680, Osorno', 'Funcionario público autorizado para dar fe de testamentos y otros actos extrajudiciales, conforme a las leyes.', 0, 0, '', '-40.5741316', '-73.13482900000001\n', '', '', '642212581', '642212582', 'notariadolmestch@telsur.cl', '', 'Lunes a Viernes 09:00 a 18:30 hrs.', 'si', 'no', '0000-00-00', '', '', 'activo'),
(4207, 3, 16, 255, '2017-02-17 18:58:06', 'Winter Aguilera Harry', 'Jurisdicción: Osorno, S.Pablo,Puyehue,Puerto,Octay, Entrelagos.', 'notarias, notario', 'Matta Nº 516, Osorno', 'Funcionario público autorizado para dar fe de testamentos y otros actos extrajudiciales, conforme a las leyes.', 0, 0, '', '-40.5722854', '-73.1350333\n', '', '', '64-223 3348', '', 'notaria2@telsur.cl', '', 'Lunes a Viernes 09:00 a 18:30 hrs.', 'si', 'no', '0000-00-00', '', '', 'activo'),
(4208, 3, 16, 255, '2017-02-17 18:58:06', 'Sanhueza Pimentel Cristián', 'Jurisdicción: Osorno, S.Pablo,Puyehue,Puerto,Octay, Entrelagos.', 'notarias, notario', 'Manuel Antonio Matta Nº 694, Osorno', 'Funcionario público autorizado para dar fe de testamentos y otros actos extrajudiciales, conforme a las leyes.', 0, 0, '', '-40.5744047', '-73.1348557\n', '', '', '64-221 1865 ', '64-221 1866', 'notariasanhueza@surnet.cl', '', 'Lunes a Viernes 09:00 a 18:30 hrs.', 'si', 'no', '0000-00-00', '', '', 'activo'),
(4209, 3, 16, 259, '2017-02-17 18:58:06', 'Ferrer Figueroa Rodrigo', 'Jurisdicción: Río Negro, Purranque.', 'notarias, notario', 'Vicuña Mackenna Nº 243, Río Negro ', 'Funcionario público autorizado para dar fe de testamentos y otros actos extrajudiciales, conforme a las leyes.', 0, 0, '', '-40.7937233', '-73.21657189999999\n', 'www.notariarionegro.cl', '', '64-236 1201', '64-236 2120', 'notarionegro@hotmail.com', '', 'Lunes a Viernes 09:00 a 18:30 hrs.', 'si', 'no', '0000-00-00', '', '', 'activo'),
(4210, 3, 16, 261, '2017-02-17 18:58:06', 'Langlois Danks Edward', 'Jurisdicción: Puerto Montt, Cochamó.', 'notarias, notario', 'Urmeneta Nº 451, Puerto Montt', 'Funcionario público autorizado para dar fe de testamentos y otros actos extrajudiciales, conforme a las leyes.', 0, 0, '', '-41.4718088', '-72.9410319\n', '', '', '65-225 3154', '65-225 9903', 'primeranotaria@gmail.com', '', 'Lunes a Viernes 09:00 a 18:30 hrs.', 'si', 'no', '0000-00-00', '', '', 'activo'),
(4211, 3, 16, 261, '2017-02-17 18:58:06', 'Tike Carrasco Hernán ', 'Jurisdicción: Puerto Montt, Cochamó.', 'notarias, notario', 'Urmeneta Nº 414, Puerto Montt', 'Funcionario público autorizado para dar fe de testamentos y otros actos extrajudiciales, conforme a las leyes.', 0, 0, '', '-41.47162', '-72.9403033\n', '', '', '65-228 6006', '', 'escrituras@notariatike.com', '', 'Lunes a Viernes 09:00 a 18:30 hrs.', 'si', 'no', '0000-00-00', '', '', 'activo'),
(4212, 3, 16, 261, '2017-02-17 18:58:06', 'Barrientos Bahamonde Heriberto', 'Jurisdicción: Puerto Montt, Cochamó.', 'notarias, notario', 'Urmeneta Nº 350, Puerto Montt', 'Funcionario público autorizado para dar fe de testamentos y otros actos extrajudiciales, conforme a las leyes.', 0, 0, '', '-41.4713816', '-72.9395249\n', '', '', '65-225 4230', '', '', '', 'Lunes a Viernes 09:00 a 18:30 hrs.', 'si', 'no', '0000-00-00', '', '', 'activo'),
(4213, 3, 16, 261, '2017-02-17 18:58:06', 'Gajardo Casañas Alvaro', 'Jurisdicción: Puerto Montt, Cochamó.', 'notarias, notario', 'Urmeneta 542, Puerto Montt', 'Funcionario público autorizado para dar fe de testamentos y otros actos extrajudiciales, conforme a las leyes.', 0, 0, '', '-41.4718013', '-72.9422412\n', '', '', '65-243 4341 ', '65-243 4356 ', 'notario@notariagajardo.cl', '', 'Lunes a Viernes 09:00 a 18:30 hrs.', 'si', 'no', '0000-00-00', '', '', 'activo'),
(4214, 3, 16, 261, '2017-02-17 18:58:06', 'Barria Gutiérrez Lebby', 'Jurisdicción: Puerto Montt, Cochamó.', 'notarias, notario', 'Pedro Montt N° 137, Puerto Montt', 'Funcionario público autorizado para dar fe de testamentos y otros actos extrajudiciales, conforme a las leyes.', 0, 0, '', '-41.4722308', '-72.9425768\n', 'www.notariabarria.cl', '', '65-2273200', '65-2273201', 'contacto@notariabarria.cl', '', 'Lunes a Viernes 09:00 a 18:30 hrs.', 'si', 'no', '0000-00-00', '', '', 'activo'),
(4215, 3, 16, 266, '2017-02-17 18:58:06', 'Espinosa Bancalari Bernando', 'Jurisdicción: Puerto Varas, Llanquihue, Frutillar, Fresia.', 'notarias, notario', 'Av. Gramado Nº 535, Puerto Varas', 'Funcionario público autorizado para dar fe de testamentos y otros actos extrajudiciales, conforme a las leyes.', 0, 0, '', '-41.3170013', '-72.9867924\n', '', '', '65-223 0890', '65-223 5718', 'notariapv@surnet.cl', '', 'Lunes a Viernes 09:00 a 18:30 hrs.', 'si', 'no', '0000-00-00', '', '', 'activo'),
(4216, 3, 16, 267, '2017-02-17 18:58:06', 'Fontecilla Gallardo Ricardo', 'Jurisdicción: Asiento en Llanquihue.', 'notarias, notario', 'Vicente Pérez Rosales Nº 213, Llanquihue', 'Funcionario público autorizado para dar fe de testamentos y otros actos extrajudiciales, conforme a las leyes.', 0, 0, '', '-41.4735954', '-72.9544817\n', '', '', '65-224 3131', '', 'notarfonte@telsur.cl', '', 'Lunes a Viernes 09:00 a 18:30 hrs.', 'si', 'no', '0000-00-00', '', '', 'activo'),
(4217, 3, 16, 308, '2017-02-17 18:58:06', 'Cárcamo Velásques Sandra', 'Jurisdicción: Hualaihué.', 'notarias, notario', 'Ignacio Carrera Pinto s/n, Hualaihué', 'Funcionario público autorizado para dar fe de testamentos y otros actos extrajudiciales, conforme a las leyes.', 0, 0, '', '', '', '', '', '65-221 7212', '', 'notariahualaihue@gmail.com', '', 'Lunes a Viernes 09:00 a 18:30 hrs.', 'no', 'no', '0000-00-00', '', '', 'activo'),
(4218, 3, 16, 265, '2017-02-17 18:58:06', 'Notaria Alejandro Soto Vera', 'Jurisdicción: Calbuco.', 'notarias, notario, cbr, conservador, calbuco', 'Almirante Latorre 107', 'Funcionario público autorizado para dar fe de testamentos y otros actos extrajudiciales, conforme a las leyes.', 0, 0, '', '-41.7687925', '-73.12706539999999\n', '', '', '652462563', '', 'Notariaconservadorcalbuco@gmail.com', '', 'Lunes a Viernes 09:00 a 14:00 hrs.', 'si', 'no', '0000-00-00', '', '', 'activo'),
(4219, 3, 16, 263, '2017-02-17 18:58:06', 'Notaria Pamela Alejandra Quinteros López', 'Jurisdicción: Maullín.', 'notarias, notario', 'Almeyda 251', 'Funcionario público autorizado para dar fe de testamentos y otros actos extrajudiciales, conforme a las leyes.', 0, 0, '', '', '', '', '', '65-245 1604', '', 'notariapamelaquinteros@gmail.com', '', 'Lunes a Viernes 09:00 a 18:30 hrs.', 'no', 'no', '0000-00-00', '', '', 'activo'),
(4220, 3, 16, 264, '2017-02-17 18:58:06', 'Brahm Bahamonde Claudia', 'Jurisdicción: Los  Muermos.', 'notarias, notario', 'Antonio Varas Nº 103,Los Muermos', 'Funcionario público autorizado para dar fe de testamentos y otros actos extrajudiciales, conforme a las leyes.', 0, 0, '', '', '', '', '', '65-221 1663', '', 'info@notariabrahm.cl', '', 'Lunes a Viernes 09:00 a 18:30 hrs.', 'no', 'no', '0000-00-00', '', '', 'activo'),
(4221, 3, 16, 270, '2017-02-17 18:58:06', 'Larrere Castro Pedro Hernán', 'Jurisdicción: Castro, Dalcahue, Chonchi, .', 'notarias, notario', 'Balmaceda N° 286, Castro', 'Funcionario público autorizado para dar fe de testamentos y otros actos extrajudiciales, conforme a las leyes.', 0, 0, '', '-42.4831815', '-73.76510829999999\n', '', '', '65-263 3974 ', '65-263 3975', 'escrituras@notariocastro.cl', '', 'Lunes a Viernes 09:00 a 18:30 hrs.', 'si', 'no', '0000-00-00', '', '', 'activo'),
(4222, 3, 16, 277, '2017-02-17 18:58:06', 'Wörner Tapia Martita  ', 'Jurisdicción: Ancud, Quemchi.', 'notarias, notario', 'Chacabuco Nº 750, Ancud', 'Funcionario público autorizado para dar fe de testamentos y otros actos extrajudiciales, conforme a las leyes.', 0, 0, '', '-41.8695162', '-73.8278131\n', '', '', '65-262 2381', '65-262 9937', 'notariadeancud@telsur.cl', '', 'Lunes a Viernes 09:00 a 18:30 hrs.', 'si', 'no', '0000-00-00', '', '', 'activo'),
(4223, 3, 16, 273, '2017-02-17 18:58:06', 'Sánchez Puente María Teresa ', 'Jurisdicción: Quellón.', 'notarias, notario', 'Avenida La Paz N° 302, Quellón', 'Funcionario público autorizado para dar fe de testamentos y otros actos extrajudiciales, conforme a las leyes.', 0, 0, '', '-43.1163714', '-73.6197981\n', '', '', '65-268 0601', '', 'escrituras@nycquellon.cl', '', 'Lunes a Viernes 09:00 a 18:30 hrs.', 'si', 'no', '0000-00-00', '', '', 'activo'),
(4224, 3, 16, 280, '2017-02-17 18:58:06', 'Silva Sciberra Jaime', 'Jurisdicción: Chaitén, Futaleufú, Palena.', 'notarias, notario', 'Avda. Ignacio Carrera Pinto N° 349, Chaitén', 'Funcionario público autorizado para dar fe de testamentos y otros actos extrajudiciales, conforme a las leyes.', 0, 0, '', '', '', '', '', '65-272 1345', '', 'notariochaiten@gmail.com', '', 'Lunes a Viernes 09:00 a 18:30 hrs.', 'no', 'no', '0000-00-00', '', '', 'activo'),
(4225, 3, 16, 284, '2017-02-17 18:58:06', 'San Martín Molina Juan Carlos', 'Jurisdicción: Coyhaique, Balmaceda, Río Ibáñez.', 'notarias, notario', '21 de Mayo Nº 551, Coyhaique', 'Funcionario público autorizado para dar fe de testamentos y otros actos extrajudiciales, conforme a las leyes.', 0, 0, '', '-45.5715146', '-72.0656644\n', '', '', '67-223 7478 ', '67-225 5777', 'jcsanmartin@notariacoyhaique.cl', '', 'Lunes a Viernes 09:00 a 18:30 hrs.', 'si', 'no', '0000-00-00', '', '', 'activo'),
(4226, 3, 16, 284, '2017-02-17 18:58:06', 'Contreras Piderit Darwin', 'Jurisdicción: Coyhaique, Balmaceda, Río Ibáñez.', 'notarias, notario', 'Eusebio Lillo N° 134, Coyhaique', 'Funcionario público autorizado para dar fe de testamentos y otros actos extrajudiciales, conforme a las leyes.', 0, 0, '', '-45.5717232', '-72.0660137\n', '', '', '67-224 0084', '67-224 0085', 'darwin@notariacontrerasp.cl', '', 'Lunes a Viernes 09:00 a 18:30 hrs.', 'si', 'no', '0000-00-00', '', '', 'activo'),
(4227, 3, 16, 286, '2017-02-17 18:58:06', 'Cantuarias Costa Rodrigo', 'Jurisdicción: Puerto Cisne, Lago Verde.', 'notarias, notario', 'Santiago Amengual s/n,  Puerto Cisnes', 'Funcionario público autorizado para dar fe de testamentos y otros actos extrajudiciales, conforme a las leyes.', 0, 0, '', '', '', '', '', '67-234 6315', '', 'notariacisnes@gmail.com', '', 'Lunes a Viernes 09:00 a 18:30 hrs.', 'no', 'no', '0000-00-00', '', '', 'activo'),
(4228, 3, 16, 287, '2017-02-17 18:58:06', 'Fernández Atuez Abdallah', 'Jurisdicción: Chile Chico.', 'notarias, notario', 'Balmaceda Nº 6, Chile Chico', 'Funcionario público autorizado para dar fe de testamentos y otros actos extrajudiciales, conforme a las leyes.', 0, 0, '', '-46.5368901999999', '-71.72931419999999\n', '', '', '67-221 5461', '', 'chilechiconotaria@gmail.com', '', 'Lunes a Viernes 09:00 a 18:30 hrs.', 'si', 'no', '0000-00-00', '', '', 'activo'),
(4229, 3, 16, 290, '2017-02-17 18:58:06', 'Silva Reyes Horacio', 'Jurisdicción: Punta Arenas, Laguna Blanca,San Gregorio, Navarino, Río Verde, Antártica.', 'notarias, notario', 'Roca 845', 'Funcionario público autorizado para dar fe de testamentos y otros actos extrajudiciales, conforme a las leyes.', 0, 0, '', '-53.1636260999999', '-70.9070608\n', '', '', '612223781', '', 'notsilvaparenas@gmail.com', '', 'Lunes a Viernes 09:00 a 18:30 hrs.', 'si', 'no', '0000-00-00', '', '', 'activo'),
(4230, 3, 16, 290, '2017-02-17 18:58:06', 'Trincado Urra Igor', 'Jurisdicción: Punta Arenas, Laguna Blanca,San Gregorio, Navarino, Río Verde, Antártica.', 'notarias, notario', 'Julio Roca N° 809, Punta Arenas', 'Funcionario público autorizado para dar fe de testamentos y otros actos extrajudiciales, conforme a las leyes.', 0, 0, '', '-53.1634999', '-70.90738829999999\n', '', '', '61-272 3102 ', '61-272 3103', 'abarzuaescrituraspublicas@gmail.com', '', 'Lunes a Viernes 09:00 a 18:30 hrs.', 'si', 'no', '0000-00-00', '', '', 'activo'),
(4231, 3, 16, 290, '2017-02-17 18:58:06', 'Ulises Morales Ríos Ulises ', 'Jurisdicción: Punta Arenas, Laguna Blanca,San Gregorio, Navarino, Río Verde, Antártica.', 'notarias, notario', 'Lautaro Nº 1048, Punta Arenas', 'Funcionario público autorizado para dar fe de testamentos y otros actos extrajudiciales, conforme a las leyes.', 0, 0, '', '-53.1634541', '-70.90587859999999\n', '', '', '61-274 6702', '61-274 6708', 'marlene.notaria@gmail.com', '', 'Lunes a Viernes 09:00 a 18:30 hrs.', 'si', 'no', '0000-00-00', '', '', 'activo'),
(4232, 3, 16, 291, '2017-02-17 18:58:06', 'Mundy Casanova Helbert', 'Jurisdicción: Puerto Natales, Torres del Paine.', 'notarias, notario', 'Carlos Bories Nº 454 of C., Puerto Natales', 'Funcionario público autorizado para dar fe de testamentos y otros actos extrajudiciales, conforme a las leyes.', 0, 0, '', '-51.7258212', '-72.50668399999999\n', 'www.notariayconservadornatales.cl', '', '61-241 5722', '61-241 5256', 'notarianatales@gmail.com', '', 'Lunes a Viernes 09:00 a 18:30 hrs.', 'si', 'no', '0000-00-00', '', '', 'activo'),
(4233, 3, 16, 292, '2017-02-17 18:58:06', 'Matus Cuevas Cristian', 'Jurisdicción: Porvenir, Primavera, Timaikel.', 'notarias, notario', 'Muñoz Gamero Nº 331, Porvenir', 'Funcionario público autorizado para dar fe de testamentos y otros actos extrajudiciales, conforme a las leyes.', 0, 0, '', '-53.2920919', '-70.37099689999999\n', '', '', '61-258 0016', '61-258 0024 ', 'notariadeporvenir@gmail.com', '', 'Lunes a Viernes 09:00 a 18:30 hrs.', 'si', 'no', '0000-00-00', '', '', 'activo'),
(4234, 3, 16, 243, '2017-02-17 18:58:06', 'Podlech Michaud Carmen', 'Jurisdicción: Valdivia, Corral.', 'notarias, notario', 'Independencia  Nº 648, Valdivia', 'Funcionario público autorizado para dar fe de testamentos y otros actos extrajudiciales, conforme a las leyes.', 0, 0, '', '-39.8153571', '-73.2473268\n', 'www.notariapodlech.cl', '', '63-221 3207', '63-221 9175', 'notaria.podlech@gmail.com', '', 'Lunes a Viernes 09:00 a 18:30 hrs.', 'si', 'no', '0000-00-00', '', '', 'activo'),
(4235, 3, 16, 243, '2017-02-17 18:58:06', 'Riquelme Espinosa Nazael', 'Jurisdicción: Valdivia, Corral.', 'notarias, notario', 'Independencia Nº 625, Valdivia', 'Funcionario público autorizado para dar fe de testamentos y otros actos extrajudiciales, conforme a las leyes.', 0, 0, '', '-39.8153166', '-73.2473342\n', '', '', '63-221 2983', '63-223 1609', 'notariariquelme@gmail.com', '', 'Lunes a Viernes 09:00 a 18:30 hrs.', 'si', 'no', '0000-00-00', '', '', 'activo'),
(4236, 3, 16, 243, '2017-02-17 18:58:06', 'Steffen Riedemall Helga ', 'Jurisdicción: Valdivia, Corral.', 'notarias, notario', 'Independencia Nº 548, Valdivia', 'Funcionario público autorizado para dar fe de testamentos y otros actos extrajudiciales, conforme a las leyes.', 0, 0, '', '-39.8145197', '-73.24697399999999\n', '', '', '63-224 9717', '63-227 9140', 'notariamoralesval@surnet.cl', '', 'Lunes a Viernes 09:00 a 18:30 hrs.', 'si', 'no', '0000-00-00', '', '', 'activo'),
(4237, 3, 16, 247, '2017-02-17 18:58:06', 'Silva Ruiz Roberto Enrique', 'Jurisdicción: Los Lagos, Futrono.', 'notarias, notario', 'Balmaceda Norte Nº53 interior, Los Lagos', 'Funcionario público autorizado para dar fe de testamentos y otros actos extrajudiciales, conforme a las leyes.', 0, 0, '', '-39.867522', '-72.80753179999999\n', '', '', '63-246 1332 ', '', 'notarialoslagos@gmail.com', '', 'Lunes a Viernes 09:00 a 18:30 hrs.', 'si', 'no', '0000-00-00', '', '', 'activo'),
(4238, 3, 16, 250, '2017-02-17 18:58:06', 'Calderara Emaldia Leonardo', 'Jurisdicción: Panguipulli.', 'notarias, notario', '', 'Funcionario público autorizado para dar fe de testamentos y otros actos extrajudiciales, conforme a las leyes.', 0, 0, '', '-39.6425151', '-72.3275185\n', '', '', '63-231 1208', '', 'conservadorpanguipulli@hotmail.com', '', 'Lunes a Viernes 09:00 a 18:30 hrs.', 'si', 'no', '0000-00-00', '', '', 'activo'),
(4239, 3, 16, 252, '2017-02-17 18:58:06', 'Zülch Parra Conrad Pablo', 'Jurisdicción: Paillaco.', 'notarias, notario', 'Camilo Henríquez Nº 220 oficina 8, Paillaco', 'Funcionario público autorizado para dar fe de testamentos y otros actos extrajudiciales, conforme a las leyes.', 0, 0, '', '-40.0731474', '-72.8741284\n', '', '', '63-242 1555', '', 'notariaconservadorpaillaco@gmail.com', '', 'Lunes a Viernes 09:00 a 18:30 hrs.', 'si', 'no', '0000-00-00', '', '', 'activo'),
(4240, 3, 16, 251, '2017-02-17 18:58:06', 'Aros Gómez Oscar Rodrigo ', 'Jurisdicción: La Union.', 'notarias, notario', 'A.Prat  Nº 676, La Unión', 'Funcionario público autorizado para dar fe de testamentos y otros actos extrajudiciales, conforme a las leyes.', 0, 0, '', '-40.294749', '-73.0827821\n', '', '', '64-232 2235', '', 'notarialu@telsur.cl', '', 'Lunes a Viernes 09:00 a 18:30 hrs.', 'si', 'no', '0000-00-00', '', '', 'activo'),
(4241, 3, 16, 253, '2017-02-17 18:58:06', 'Díaz Díaz Maria Lidia', 'Jurisdicción: Río Bueno, Lago Ranco.', 'notarias, notario', 'Ejército Libertador Nº 1059, Río Bueno', 'Funcionario público autorizado para dar fe de testamentos y otros actos extrajudiciales, conforme a las leyes.', 0, 0, '', '', '', '', '', '64-234 1311  ', '', 'veronica@notariarb.cl', '', 'Lunes a Viernes 09:00 a 18:30 hrs.', 'no', 'no', '0000-00-00', '', '', 'activo'),
(15947, 3, 16, 190, '2019-07-26 00:00:00', 'Notaria Gonzalo Esteban Míguez Núñez', 'Jurisdiccion: Tome', 'notarias, notario', 'Sotomayor 1265', 'Funcionario público autorizado para dar fe de testamentos y otros actos extrajudiciales, conforme a las leyes.', 0, 0, '', '', '', '', '', '41-2651330', '', 'notariamiguez@gmail.com', '', 'Lunes a Viernes 9:30 a 13:30 hrs. Tarde 16:15 a 19:30 hrs.', 'no', 'no', '0000-00-00', '', '', 'activo'),
(18805, 3, 16, 243, '2019-09-23 00:31:07', 'Notaria Juan Bautista Rodríguez Ruíz', 'Los notarios son ministros de fe pública encargados de autorizar y guardar en su archivo los instrumentos que ante ellos se otorgaren, de dar a las partes interesadas los testimonios que pidieren, y de practicar las demás diligencias que la ley les encomiende.\r\n\r\nJurisdicción: Comunas de Mariquina, Lanco y Máfil.', 'notaria, notarias, notario, valdivia', 'Camilo Henríquez 540, Local 3', 'Funcionario público autorizado para dar fe de testamentos y otros actos extrajudiciales, conforme a las leyes.', 0, 0, '', '', '', 'www.notariajuanrodriguez.cl', '', '63-220 3007', '', 'notaria@njr.cl', '', 'Lunes a Viernes de 9:00 a 13:30 hrs. y de 14:00 a 16:30 hrs.', 'no', 'no', '0000-00-00', '', '', 'activo'),
(18807, 3, 16, 2, '2019-09-25 01:14:25', 'Notaria Heraclio Rojas Vergara', 'Los notarios son ministros de fe pública encargados de autorizar y guardar en su archivo los instrumentos que ante ellos se otorgaren, de dar a las partes interesadas los testimonios que pidieren, y de practicar las demás diligencias que la ley les encomiende.', 'notaria, notarias, notario, iquique, alto hospicio', 'La Pampa 3117', 'Funcionario público autorizado para dar fe de testamentos y otros actos extrajudiciales, conforme a las leyes.', 0, 0, '', '', '', 'www.rojasnotaria.cl', '', '57 249 4110', ' 57 249 4145', 'escrituras@rojasnotaria.cl', '', 'Lunes a Viernes de 09:00 a 13:30 y de 15:00 a 18:00 hrs. <br>Sábado de 09:30 a 12:30 hrs.', 'no', 'no', '0000-00-00', '', '', 'activo'),
(18808, 3, 16, 83, '2019-10-23 00:33:44', 'Notaria Paulina Valderrama', 'Los notarios son ministros de fe pública encargados de autorizar y guardar en su archivo los instrumentos que ante ellos se otorgaren, de dar a las partes interesadas los testimonios que pidieren, y de practicar las demás diligencias que la ley les encomiende.', 'notaria, notarias, notario, curacavi', 'Avenida Ambrosio O Higgins 1375', 'Juridicción: 2° Notaria de Casablanca con asiento en Curacaví. (Competencia: Casablanca, El Quisco, Algarrobo, Curacaví)', 0, 0, '', '', '', '', '', '227051896', '', 'notariapaulinavalderrama@gmail.com', '', 'Lunes a Jueves horario continuado de 09:00 hrs. a 17:00 hrs. Viernes de 09:00 a 16:30 hrs.', 'no', 'no', '0000-00-00', '', '', 'activo'),
(19092, 3, 16, 245, '2020-01-19 00:00:00', 'Notaria Gino Mencarini Solervicens', ' Funcionario público autorizado para dar fe de testamentos y otros actos extrajudiciales, conforme a las leyes.', 'notario, notarias, mariquina', 'Padre Placido 1040', 'Jurisdicción: Mariquina.', 0, 0, '', '', '', '', '', '63-245 1358', '63 2441021', 'mariquinanotaria@gmail.com', '', '', 'no', 'no', '0000-00-00', '', '', 'activo');

-- --------------------------------------------------------

--
-- Estructura de tabla para la tabla `tbl_publico_cate`
--

CREATE TABLE `tbl_publico_cate` (
  `id_publico_cate` int(10) NOT NULL,
  `nombre_publico_cate` varchar(200) NOT NULL,
  `imagen` varchar(200) NOT NULL,
  `orden` int(10) NOT NULL,
  `st_publico_cate` enum('activo','inactivo') NOT NULL DEFAULT 'activo'
) ENGINE=InnoDB DEFAULT CHARSET=latin1;

--
-- Volcado de datos para la tabla `tbl_publico_cate`
--

INSERT INTO `tbl_publico_cate` (`id_publico_cate`, `nombre_publico_cate`, `imagen`, `orden`, `st_publico_cate`) VALUES
(1, 'Otro', '', 0, 'inactivo'),
(2, 'Instituciones', '', 0, 'activo'),
(3, 'Gobierno de Chile', '', 0, 'activo'),
(4, 'Salud', '', 0, 'activo'),
(5, 'Educación', '', 0, 'inactivo'),
(6, 'Destacados', '', 0, 'activo'),
(7, 'Poder Judicial', '', 0, 'activo'),
(8, 'Org Empresariales', '', 0, 'activo'),
(9, 'Turismo', '', 0, 'activo');

-- --------------------------------------------------------

--
-- Estructura de tabla para la tabla `tbl_publico_cate_sub`
--

CREATE TABLE `tbl_publico_cate_sub` (
  `id_publico_cate_sub` int(10) NOT NULL,
  `id_publico_cate` int(10) NOT NULL,
  `nombre_publico_cate_sub` varchar(200) NOT NULL,
  `imagen` varchar(200) NOT NULL,
  `st_publico_cate_sub` enum('activo','inactivo') NOT NULL DEFAULT 'activo'
) ENGINE=InnoDB DEFAULT CHARSET=latin1;

--
-- Volcado de datos para la tabla `tbl_publico_cate_sub`
--

INSERT INTO `tbl_publico_cate_sub` (`id_publico_cate_sub`, `id_publico_cate`, `nombre_publico_cate_sub`, `imagen`, `st_publico_cate_sub`) VALUES
(1, 1, 'Farmacias de', '', 'inactivo'),
(2, 1, 'Indicadores', '', 'inactivo'),
(3, 6, 'Información en línea', '', 'activo'),
(4, 1, 'Juegos de azar', '', 'inactivo'),
(5, 6, 'Números de Emergencia', '', 'inactivo'),
(6, 1, 'Notarias de Turno', '', 'inactivo'),
(7, 6, 'Noticias', '', 'inactivo'),
(8, 1, 'Trámites en línea', '', 'inactivo'),
(9, 2, 'Archivero Judicial', '', 'inactivo'),
(10, 2, 'Canton de Reclutamiento', '', 'activo'),
(11, 2, 'Comunicación', '', 'inactivo'),
(12, 2, 'Conservador de Bienes Raíces', '', 'activo'),
(13, 2, 'Educación', '', 'inactivo'),
(14, 2, 'Financieras', '', 'inactivo'),
(15, 2, 'Hogar de Ancianos', '', 'activo'),
(16, 2, 'Notarias', '', 'activo'),
(17, 2, 'Servicio Electoral (Servel)', '', 'activo'),
(18, 2, 'SII', '', 'inactivo'),
(19, 2, 'Sociales', '', 'inactivo'),
(20, 2, 'Poder Judicial', '', 'inactivo'),
(21, 3, 'Alcaldes', '', 'inactivo'),
(22, 3, 'Chileatiende', '', 'activo'),
(23, 3, 'Consejales', '', 'inactivo'),
(24, 3, 'Intendencias', '', 'activo'),
(25, 3, 'Ministerios', '', 'inactivo'),
(26, 3, 'Seremis', '', 'inactivo'),
(27, 4, 'Clínicas', '', 'inactivo'),
(28, 4, 'Consultorios', '', 'inactivo'),
(29, 4, 'Farmacias de Turno', '', 'inactivo'),
(30, 4, 'Hospitales', '', 'activo'),
(31, 2, 'Cementerios', '', 'inactivo'),
(32, 5, 'Colegios', '', 'inactivo'),
(33, 5, 'Escuelas', '', 'inactivo'),
(34, 5, 'Institutos', '', 'inactivo'),
(35, 4, 'Isapres', '', 'inactivo'),
(36, 5, 'Jardines Infantiles', '', 'inactivo'),
(37, 5, 'Preuniversitarios', '', 'inactivo'),
(38, 5, 'Salas de cuna', '', 'inactivo'),
(39, 5, 'Universidades', '', 'inactivo'),
(40, 6, 'Feriados', '', 'inactivo'),
(41, 2, 'Sercotec', '', 'activo'),
(42, 2, 'Registro Civil', '', 'activo'),
(43, 3, 'Dirección del Trabajo', '', 'activo'),
(44, 4, 'Farmacias', '', 'activo'),
(45, 2, 'Planta de Revisión Técnica (PRT)', '', 'activo'),
(46, 3, 'Municipalidades', '', 'activo'),
(47, 4, 'Servicio de salud', '', 'activo'),
(48, 2, 'Asociación Gremial', '', 'inactivo'),
(49, 2, 'Museos', '', 'activo'),
(50, 7, 'Corte de Apelaciones', '', 'activo'),
(51, 7, 'Juzgado de Familia', '', 'activo'),
(52, 7, 'Corte Suprema de Justicia', '', 'activo'),
(53, 2, 'Brigada de Investigaciones', '', 'inactivo'),
(54, 7, 'Carceles', '', 'activo'),
(55, 7, 'Comisarías de Carabineros', '', 'inactivo'),
(56, 3, 'Prochile', '', 'activo'),
(57, 8, 'Camaras de Comercio', '', 'activo'),
(58, 2, 'Partidos Politicos', '', 'activo'),
(59, 8, 'Colegio de Profesionales', '', 'activo'),
(60, 7, 'Juzgados Civiles', '', 'activo'),
(61, 7, 'Juzgado de Garantía', '', 'activo'),
(62, 7, 'Tribunal de Juicio Oral en lo Penal', '', 'activo'),
(63, 2, 'ServiEstado', '', 'activo'),
(64, 2, 'Correos de Chile', '', 'activo'),
(65, 2, 'Servicio de Impuestos Internos (SII)', '', 'activo'),
(66, 3, 'Dirección General de Crédito Prendario (DICREP)', '', 'activo'),
(67, 3, 'Servicio Nacional del Consumidor (SERNAC)', '', 'activo'),
(68, 3, 'Corporación de Fomento de la Producción (CORFO)', '', 'activo'),
(69, 3, 'Servicio Nacional de Turismo (SERNATUR)', '', 'activo'),
(70, 3, 'Instituto Nacional de Estadísticas (INE)', '', 'activo'),
(71, 4, 'Farmacias Populares', '', 'activo'),
(72, 4, 'Ópticas Populares', '', 'activo'),
(73, 4, 'FONASA', '', 'activo'),
(74, 4, 'Cesfam', '', 'activo'),
(75, 2, 'Centro de Desarrollo de Negocios', '', 'activo'),
(76, 9, 'Alojamiento Turístico', '', 'inactivo'),
(77, 2, 'Carabineros de Chile', '', 'activo'),
(78, 2, 'Policia de Investigaciones de Chile (PDI)', '', 'activo'),
(79, 3, 'Servicio Agricola y Ganadero (SAG)', '', 'activo'),
(80, 3, 'Fiscalia', '', 'activo'),
(81, 2, 'Corporación de Asistencia Judicial', '', 'activo'),
(82, 2, 'Servicio Nacional de Capacitación (SENCE)', '', 'activo'),
(83, 9, 'Alojamiento', '', 'activo'),
(84, 2, 'Oficina Municipal de Información Laboral (OMIL)', '', 'activo'),
(85, 2, 'Instituto de Desarrollo Agropecuario (INDAP)', '', 'activo'),
(86, 3, 'Tesorería General de la República (TGR)', '', 'activo'),
(87, 3, 'Gobernaciones', '', 'activo'),
(88, 4, 'Compin', '', 'activo'),
(89, 2, 'Tarjeta Nacional Estudiantil (TNE)', '', 'activo'),
(90, 4, 'Servicios Populares', '', 'activo'),
(91, 7, 'Juzgados de Policia Local', '', 'activo');

--
-- Índices para tablas volcadas
--

--
-- Indices de la tabla `tbl_ciudad`
--
ALTER TABLE `tbl_ciudad`
  ADD PRIMARY KEY (`id_ciudad`),
  ADD KEY `id_region` (`id_region`);

--
-- Indices de la tabla `tbl_publico_aviso`
--
ALTER TABLE `tbl_publico_aviso`
  ADD PRIMARY KEY (`id_publico_aviso`),
  ADD KEY `id_usuario` (`id_usuario`),
  ADD KEY `id_publico_cate_sub` (`id_publico_cate_sub`),
  ADD KEY `id_ciudad` (`id_ciudad`),
  ADD KEY `titulo_aviso` (`titulo_aviso`),
  ADD KEY `tags_aviso` (`tags_aviso`),
  ADD KEY `st_publico_aviso` (`st_publico_aviso`);

--
-- Indices de la tabla `tbl_publico_cate`
--
ALTER TABLE `tbl_publico_cate`
  ADD PRIMARY KEY (`id_publico_cate`);

--
-- Indices de la tabla `tbl_publico_cate_sub`
--
ALTER TABLE `tbl_publico_cate_sub`
  ADD PRIMARY KEY (`id_publico_cate_sub`),
  ADD KEY `id_publico_cate` (`id_publico_cate`);

--
-- AUTO_INCREMENT de las tablas volcadas
--

--
-- AUTO_INCREMENT de la tabla `tbl_ciudad`
--
ALTER TABLE `tbl_ciudad`
  MODIFY `id_ciudad` int(10) UNSIGNED NOT NULL AUTO_INCREMENT, AUTO_INCREMENT=365;

--
-- AUTO_INCREMENT de la tabla `tbl_publico_aviso`
--
ALTER TABLE `tbl_publico_aviso`
  MODIFY `id_publico_aviso` int(10) NOT NULL AUTO_INCREMENT, AUTO_INCREMENT=20293;

--
-- AUTO_INCREMENT de la tabla `tbl_publico_cate`
--
ALTER TABLE `tbl_publico_cate`
  MODIFY `id_publico_cate` int(10) NOT NULL AUTO_INCREMENT, AUTO_INCREMENT=10;

--
-- AUTO_INCREMENT de la tabla `tbl_publico_cate_sub`
--
ALTER TABLE `tbl_publico_cate_sub`
  MODIFY `id_publico_cate_sub` int(10) NOT NULL AUTO_INCREMENT, AUTO_INCREMENT=92;
COMMIT;

/*!40101 SET CHARACTER_SET_CLIENT=@OLD_CHARACTER_SET_CLIENT */;
/*!40101 SET CHARACTER_SET_RESULTS=@OLD_CHARACTER_SET_RESULTS */;
/*!40101 SET COLLATION_CONNECTION=@OLD_COLLATION_CONNECTION */;
